meal_code,title,meal_kind,country,cuisine_family,cultural_specific,discovery_level,meal_contexts,diet_tags,components_json,seasoning_note,source_keys,evidence_level,auto_publish_policy,editorial_confidence,editorial_note,enabled,semantic_signature
TEE-MEAL-001,"Poulet rôti, boulgour et courgettes · inspiration provençale",composed_plate,,mediterranean,False,0,"[""lunch"",""dinner""]",[],"[{""name"":""Poulet rôti"",""role"":""protein"",""grams"":140,""lookup_terms"":[""poulet viande cuite"",""poulet rôti""]},{""name"":""Boulgour"",""role"":""starch"",""grams"":170,""lookup_terms"":[""boulgour cuit""]},{""name"":""Courgettes"",""role"":""vegetable"",""grams"":180,""lookup_terms"":[""courgette cuite""]}]","citron, ail et herbes de Provence","[""PNNS_RECIPES"",""OLDWAYS_WORLD"",""CIQUAL""]",tee_curated_whitelist,safe_plate,0.92,Assiette TEE construite sur une matrice culinaire validée; publication seulement après résolution CIQUAL forte de chaque composant.,True,mediterranean|protein:poulet_roti|starch:boulgour|vegetable:courgettes
TEE-MEAL-002,"Cabillaud au four, boulgour et aubergines · inspiration provençale",composed_plate,,mediterranean,False,0,"[""lunch"",""dinner""]",[],"[{""name"":""Cabillaud au four"",""role"":""protein"",""grams"":150,""lookup_terms"":[""cabillaud cuit"",""cabillaud rôti""]},{""name"":""Boulgour"",""role"":""starch"",""grams"":170,""lookup_terms"":[""boulgour cuit""]},{""name"":""Aubergines"",""role"":""vegetable"",""grams"":180,""lookup_terms"":[""aubergine cuite""]}]",tomate et basilic,"[""PNNS_RECIPES"",""OLDWAYS_WORLD"",""CIQUAL""]",tee_curated_whitelist,safe_plate,0.92,Assiette TEE construite sur une matrice culinaire validée; publication seulement après résolution CIQUAL forte de chaque composant.,True,mediterranean|protein:cabillaud_au_four|starch:boulgour|vegetable:aubergines
TEE-MEAL-003,"Œufs en omelette, boulgour et haricots verts · inspiration provençale",composed_plate,,mediterranean,False,0,"[""lunch"",""dinner""]",[],"[{""name"":""Œufs en omelette"",""role"":""protein"",""grams"":120,""lookup_terms"":[""oeuf omelette"",""omelette nature""]},{""name"":""Boulgour"",""role"":""starch"",""grams"":170,""lookup_terms"":[""boulgour cuit""]},{""name"":""Haricots verts"",""role"":""vegetable"",""grams"":180,""lookup_terms"":[""haricot vert cuit""]}]",citron et persil,"[""PNNS_RECIPES"",""OLDWAYS_WORLD"",""CIQUAL""]",tee_curated_whitelist,safe_plate,0.92,Assiette TEE construite sur une matrice culinaire validée; publication seulement après résolution CIQUAL forte de chaque composant.,True,mediterranean|protein:ufs_en_omelette|starch:boulgour|vegetable:haricots_verts
TEE-MEAL-004,"Pois chiches, boulgour et tomates · inspiration provençale",composed_plate,,mediterranean,False,0,"[""lunch"",""dinner""]","[""vegetarian""]","[{""name"":""Pois chiches"",""role"":""protein_plant"",""grams"":150,""lookup_terms"":[""pois chiche cuit""]},{""name"":""Boulgour"",""role"":""starch"",""grams"":170,""lookup_terms"":[""boulgour cuit""]},{""name"":""Tomates"",""role"":""vegetable"",""grams"":180,""lookup_terms"":[""tomate cuite"",""tomate crue""]}]",ail rôti et thym,"[""PNNS_RECIPES"",""OLDWAYS_WORLD"",""CIQUAL""]",tee_curated_whitelist,safe_plate,0.92,Assiette TEE construite sur une matrice culinaire validée; publication seulement après résolution CIQUAL forte de chaque composant.,True,mediterranean|protein_plant:pois_chiches|starch:boulgour|vegetable:tomates
TEE-MEAL-005,"Lentilles vertes, boulgour et courgettes · inspiration provençale",composed_plate,,mediterranean,False,0,"[""lunch"",""dinner""]","[""vegetarian""]","[{""name"":""Lentilles vertes"",""role"":""protein_plant"",""grams"":160,""lookup_terms"":[""lentille verte cuite""]},{""name"":""Boulgour"",""role"":""starch"",""grams"":170,""lookup_terms"":[""boulgour cuit""]},{""name"":""Courgettes"",""role"":""vegetable"",""grams"":180,""lookup_terms"":[""courgette cuite""]}]","citron, ail et herbes de Provence","[""PNNS_RECIPES"",""OLDWAYS_WORLD"",""CIQUAL""]",tee_curated_whitelist,safe_plate,0.92,Assiette TEE construite sur une matrice culinaire validée; publication seulement après résolution CIQUAL forte de chaque composant.,True,mediterranean|protein_plant:lentilles_vertes|starch:boulgour|vegetable:courgettes
TEE-MEAL-006,"Poulet rôti, pâtes complètes et haricots verts · inspiration provençale",composed_plate,,mediterranean,False,0,"[""lunch"",""dinner""]",[],"[{""name"":""Poulet rôti"",""role"":""protein"",""grams"":140,""lookup_terms"":[""poulet viande cuite"",""poulet rôti""]},{""name"":""Pâtes complètes"",""role"":""starch"",""grams"":170,""lookup_terms"":[""pâtes alimentaires au blé complet cuites"",""pâtes complètes cuites""]},{""name"":""Haricots verts"",""role"":""vegetable"",""grams"":180,""lookup_terms"":[""haricot vert cuit""]}]",tomate et basilic,"[""PNNS_RECIPES"",""OLDWAYS_WORLD"",""CIQUAL""]",tee_curated_whitelist,safe_plate,0.92,Assiette TEE construite sur une matrice culinaire validée; publication seulement après résolution CIQUAL forte de chaque composant.,True,mediterranean|protein:poulet_roti|starch:pates_completes|vegetable:haricots_verts
TEE-MEAL-007,"Cabillaud au four, pâtes complètes et tomates · inspiration provençale",composed_plate,,mediterranean,False,0,"[""lunch"",""dinner""]",[],"[{""name"":""Cabillaud au four"",""role"":""protein"",""grams"":150,""lookup_terms"":[""cabillaud cuit"",""cabillaud rôti""]},{""name"":""Pâtes complètes"",""role"":""starch"",""grams"":170,""lookup_terms"":[""pâtes alimentaires au blé complet cuites"",""pâtes complètes cuites""]},{""name"":""Tomates"",""role"":""vegetable"",""grams"":180,""lookup_terms"":[""tomate cuite"",""tomate crue""]}]",citron et persil,"[""PNNS_RECIPES"",""OLDWAYS_WORLD"",""CIQUAL""]",tee_curated_whitelist,safe_plate,0.92,Assiette TEE construite sur une matrice culinaire validée; publication seulement après résolution CIQUAL forte de chaque composant.,True,mediterranean|protein:cabillaud_au_four|starch:pates_completes|vegetable:tomates
TEE-MEAL-008,"Œufs en omelette, pâtes complètes et courgettes · inspiration provençale",composed_plate,,mediterranean,False,0,"[""lunch"",""dinner""]",[],"[{""name"":""Œufs en omelette"",""role"":""protein"",""grams"":120,""lookup_terms"":[""oeuf omelette"",""omelette nature""]},{""name"":""Pâtes complètes"",""role"":""starch"",""grams"":170,""lookup_terms"":[""pâtes alimentaires au blé complet cuites"",""pâtes complètes cuites""]},{""name"":""Courgettes"",""role"":""vegetable"",""grams"":180,""lookup_terms"":[""courgette cuite""]}]",ail rôti et thym,"[""PNNS_RECIPES"",""OLDWAYS_WORLD"",""CIQUAL""]",tee_curated_whitelist,safe_plate,0.92,Assiette TEE construite sur une matrice culinaire validée; publication seulement après résolution CIQUAL forte de chaque composant.,True,mediterranean|protein:ufs_en_omelette|starch:pates_completes|vegetable:courgettes
TEE-MEAL-009,"Pois chiches, pâtes complètes et aubergines · inspiration provençale",composed_plate,,mediterranean,False,0,"[""lunch"",""dinner""]","[""vegetarian""]","[{""name"":""Pois chiches"",""role"":""protein_plant"",""grams"":150,""lookup_terms"":[""pois chiche cuit""]},{""name"":""Pâtes complètes"",""role"":""starch"",""grams"":170,""lookup_terms"":[""pâtes alimentaires au blé complet cuites"",""pâtes complètes cuites""]},{""name"":""Aubergines"",""role"":""vegetable"",""grams"":180,""lookup_terms"":[""aubergine cuite""]}]","citron, ail et herbes de Provence","[""PNNS_RECIPES"",""OLDWAYS_WORLD"",""CIQUAL""]",tee_curated_whitelist,safe_plate,0.92,Assiette TEE construite sur une matrice culinaire validée; publication seulement après résolution CIQUAL forte de chaque composant.,True,mediterranean|protein_plant:pois_chiches|starch:pates_completes|vegetable:aubergines
TEE-MEAL-010,"Lentilles vertes, pâtes complètes et haricots verts · inspiration provençale",composed_plate,,mediterranean,False,0,"[""lunch"",""dinner""]","[""vegetarian""]","[{""name"":""Lentilles vertes"",""role"":""protein_plant"",""grams"":160,""lookup_terms"":[""lentille verte cuite""]},{""name"":""Pâtes complètes"",""role"":""starch"",""grams"":170,""lookup_terms"":[""pâtes alimentaires au blé complet cuites"",""pâtes complètes cuites""]},{""name"":""Haricots verts"",""role"":""vegetable"",""grams"":180,""lookup_terms"":[""haricot vert cuit""]}]",tomate et basilic,"[""PNNS_RECIPES"",""OLDWAYS_WORLD"",""CIQUAL""]",tee_curated_whitelist,safe_plate,0.92,Assiette TEE construite sur une matrice culinaire validée; publication seulement après résolution CIQUAL forte de chaque composant.,True,mediterranean|protein_plant:lentilles_vertes|starch:pates_completes|vegetable:haricots_verts
TEE-MEAL-011,"Poulet rôti, pommes de terre vapeur et courgettes · inspiration provençale",composed_plate,,mediterranean,False,0,"[""lunch"",""dinner""]",[],"[{""name"":""Poulet rôti"",""role"":""protein"",""grams"":140,""lookup_terms"":[""poulet viande cuite"",""poulet rôti""]},{""name"":""Pommes de terre vapeur"",""role"":""starch"",""grams"":190,""lookup_terms"":[""pomme de terre cuite à l eau"",""pomme de terre vapeur""]},{""name"":""Courgettes"",""role"":""vegetable"",""grams"":180,""lookup_terms"":[""courgette cuite""]}]",citron et persil,"[""PNNS_RECIPES"",""OLDWAYS_WORLD"",""CIQUAL""]",tee_curated_whitelist,safe_plate,0.92,Assiette TEE construite sur une matrice culinaire validée; publication seulement après résolution CIQUAL forte de chaque composant.,True,mediterranean|protein:poulet_roti|starch:pommes_de_terre_vapeur|vegetable:courgettes
TEE-MEAL-012,"Cabillaud au four, pommes de terre vapeur et aubergines · inspiration provençale",composed_plate,,mediterranean,False,0,"[""lunch"",""dinner""]",[],"[{""name"":""Cabillaud au four"",""role"":""protein"",""grams"":150,""lookup_terms"":[""cabillaud cuit"",""cabillaud rôti""]},{""name"":""Pommes de terre vapeur"",""role"":""starch"",""grams"":190,""lookup_terms"":[""pomme de terre cuite à l eau"",""pomme de terre vapeur""]},{""name"":""Aubergines"",""role"":""vegetable"",""grams"":180,""lookup_terms"":[""aubergine cuite""]}]",ail rôti et thym,"[""PNNS_RECIPES"",""OLDWAYS_WORLD"",""CIQUAL""]",tee_curated_whitelist,safe_plate,0.92,Assiette TEE construite sur une matrice culinaire validée; publication seulement après résolution CIQUAL forte de chaque composant.,True,mediterranean|protein:cabillaud_au_four|starch:pommes_de_terre_vapeur|vegetable:aubergines
TEE-MEAL-013,"Œufs en omelette, pommes de terre vapeur et haricots verts · inspiration provençale",composed_plate,,mediterranean,False,0,"[""lunch"",""dinner""]",[],"[{""name"":""Œufs en omelette"",""role"":""protein"",""grams"":120,""lookup_terms"":[""oeuf omelette"",""omelette nature""]},{""name"":""Pommes de terre vapeur"",""role"":""starch"",""grams"":190,""lookup_terms"":[""pomme de terre cuite à l eau"",""pomme de terre vapeur""]},{""name"":""Haricots verts"",""role"":""vegetable"",""grams"":180,""lookup_terms"":[""haricot vert cuit""]}]","citron, ail et herbes de Provence","[""PNNS_RECIPES"",""OLDWAYS_WORLD"",""CIQUAL""]",tee_curated_whitelist,safe_plate,0.92,Assiette TEE construite sur une matrice culinaire validée; publication seulement après résolution CIQUAL forte de chaque composant.,True,mediterranean|protein:ufs_en_omelette|starch:pommes_de_terre_vapeur|vegetable:haricots_verts
TEE-MEAL-014,"Pois chiches, pommes de terre vapeur et tomates · inspiration provençale",composed_plate,,mediterranean,False,0,"[""lunch"",""dinner""]","[""vegetarian""]","[{""name"":""Pois chiches"",""role"":""protein_plant"",""grams"":150,""lookup_terms"":[""pois chiche cuit""]},{""name"":""Pommes de terre vapeur"",""role"":""starch"",""grams"":190,""lookup_terms"":[""pomme de terre cuite à l eau"",""pomme de terre vapeur""]},{""name"":""Tomates"",""role"":""vegetable"",""grams"":180,""lookup_terms"":[""tomate cuite"",""tomate crue""]}]",tomate et basilic,"[""PNNS_RECIPES"",""OLDWAYS_WORLD"",""CIQUAL""]",tee_curated_whitelist,safe_plate,0.92,Assiette TEE construite sur une matrice culinaire validée; publication seulement après résolution CIQUAL forte de chaque composant.,True,mediterranean|protein_plant:pois_chiches|starch:pommes_de_terre_vapeur|vegetable:tomates
TEE-MEAL-015,"Lentilles vertes, pommes de terre vapeur et courgettes · inspiration provençale",composed_plate,,mediterranean,False,0,"[""lunch"",""dinner""]","[""vegetarian""]","[{""name"":""Lentilles vertes"",""role"":""protein_plant"",""grams"":160,""lookup_terms"":[""lentille verte cuite""]},{""name"":""Pommes de terre vapeur"",""role"":""starch"",""grams"":190,""lookup_terms"":[""pomme de terre cuite à l eau"",""pomme de terre vapeur""]},{""name"":""Courgettes"",""role"":""vegetable"",""grams"":180,""lookup_terms"":[""courgette cuite""]}]",citron et persil,"[""PNNS_RECIPES"",""OLDWAYS_WORLD"",""CIQUAL""]",tee_curated_whitelist,safe_plate,0.92,Assiette TEE construite sur une matrice culinaire validée; publication seulement après résolution CIQUAL forte de chaque composant.,True,mediterranean|protein_plant:lentilles_vertes|starch:pommes_de_terre_vapeur|vegetable:courgettes
TEE-MEAL-016,"Poulet rôti, quinoa et haricots verts · inspiration provençale",composed_plate,,mediterranean,False,0,"[""lunch"",""dinner""]",[],"[{""name"":""Poulet rôti"",""role"":""protein"",""grams"":140,""lookup_terms"":[""poulet viande cuite"",""poulet rôti""]},{""name"":""Quinoa"",""role"":""starch"",""grams"":170,""lookup_terms"":[""quinoa cuit""]},{""name"":""Haricots verts"",""role"":""vegetable"",""grams"":180,""lookup_terms"":[""haricot vert cuit""]}]",ail rôti et thym,"[""PNNS_RECIPES"",""OLDWAYS_WORLD"",""CIQUAL""]",tee_curated_whitelist,safe_plate,0.92,Assiette TEE construite sur une matrice culinaire validée; publication seulement après résolution CIQUAL forte de chaque composant.,True,mediterranean|protein:poulet_roti|starch:quinoa|vegetable:haricots_verts
TEE-MEAL-017,"Cabillaud au four, quinoa et tomates · inspiration provençale",composed_plate,,mediterranean,False,0,"[""lunch"",""dinner""]",[],"[{""name"":""Cabillaud au four"",""role"":""protein"",""grams"":150,""lookup_terms"":[""cabillaud cuit"",""cabillaud rôti""]},{""name"":""Quinoa"",""role"":""starch"",""grams"":170,""lookup_terms"":[""quinoa cuit""]},{""name"":""Tomates"",""role"":""vegetable"",""grams"":180,""lookup_terms"":[""tomate cuite"",""tomate crue""]}]","citron, ail et herbes de Provence","[""PNNS_RECIPES"",""OLDWAYS_WORLD"",""CIQUAL""]",tee_curated_whitelist,safe_plate,0.92,Assiette TEE construite sur une matrice culinaire validée; publication seulement après résolution CIQUAL forte de chaque composant.,True,mediterranean|protein:cabillaud_au_four|starch:quinoa|vegetable:tomates
TEE-MEAL-018,"Œufs en omelette, quinoa et courgettes · inspiration provençale",composed_plate,,mediterranean,False,0,"[""lunch"",""dinner""]",[],"[{""name"":""Œufs en omelette"",""role"":""protein"",""grams"":120,""lookup_terms"":[""oeuf omelette"",""omelette nature""]},{""name"":""Quinoa"",""role"":""starch"",""grams"":170,""lookup_terms"":[""quinoa cuit""]},{""name"":""Courgettes"",""role"":""vegetable"",""grams"":180,""lookup_terms"":[""courgette cuite""]}]",tomate et basilic,"[""PNNS_RECIPES"",""OLDWAYS_WORLD"",""CIQUAL""]",tee_curated_whitelist,safe_plate,0.92,Assiette TEE construite sur une matrice culinaire validée; publication seulement après résolution CIQUAL forte de chaque composant.,True,mediterranean|protein:ufs_en_omelette|starch:quinoa|vegetable:courgettes
TEE-MEAL-019,"Pois chiches, quinoa et aubergines · inspiration provençale",composed_plate,,mediterranean,False,0,"[""lunch"",""dinner""]","[""vegetarian""]","[{""name"":""Pois chiches"",""role"":""protein_plant"",""grams"":150,""lookup_terms"":[""pois chiche cuit""]},{""name"":""Quinoa"",""role"":""starch"",""grams"":170,""lookup_terms"":[""quinoa cuit""]},{""name"":""Aubergines"",""role"":""vegetable"",""grams"":180,""lookup_terms"":[""aubergine cuite""]}]",citron et persil,"[""PNNS_RECIPES"",""OLDWAYS_WORLD"",""CIQUAL""]",tee_curated_whitelist,safe_plate,0.92,Assiette TEE construite sur une matrice culinaire validée; publication seulement après résolution CIQUAL forte de chaque composant.,True,mediterranean|protein_plant:pois_chiches|starch:quinoa|vegetable:aubergines
TEE-MEAL-020,"Lentilles vertes, quinoa et haricots verts · inspiration provençale",composed_plate,,mediterranean,False,0,"[""lunch"",""dinner""]","[""vegetarian""]","[{""name"":""Lentilles vertes"",""role"":""protein_plant"",""grams"":160,""lookup_terms"":[""lentille verte cuite""]},{""name"":""Quinoa"",""role"":""starch"",""grams"":170,""lookup_terms"":[""quinoa cuit""]},{""name"":""Haricots verts"",""role"":""vegetable"",""grams"":180,""lookup_terms"":[""haricot vert cuit""]}]",ail rôti et thym,"[""PNNS_RECIPES"",""OLDWAYS_WORLD"",""CIQUAL""]",tee_curated_whitelist,safe_plate,0.92,Assiette TEE construite sur une matrice culinaire validée; publication seulement après résolution CIQUAL forte de chaque composant.,True,mediterranean|protein_plant:lentilles_vertes|starch:quinoa|vegetable:haricots_verts
TEE-MEAL-021,"Poulet grillé, pâtes et épinards · inspiration italienne",composed_plate,,italian_inspired,False,0,"[""lunch"",""dinner""]",[],"[{""name"":""Poulet grillé"",""role"":""protein"",""grams"":140,""lookup_terms"":[""poulet viande cuite""]},{""name"":""Pâtes"",""role"":""starch"",""grams"":180,""lookup_terms"":[""pâtes alimentaires cuites""]},{""name"":""Épinards"",""role"":""vegetable"",""grams"":180,""lookup_terms"":[""épinard cuit""]}]",tomate et basilic,"[""PNNS_RECIPES"",""OLDWAYS_WORLD"",""CIQUAL""]",tee_curated_whitelist,safe_plate,0.92,Assiette TEE construite sur une matrice culinaire validée; publication seulement après résolution CIQUAL forte de chaque composant.,True,italian_inspired|protein:poulet_grille|starch:pates|vegetable:epinards
TEE-MEAL-022,"Thon au naturel, pâtes et champignons · inspiration italienne",composed_plate,,italian_inspired,False,0,"[""lunch"",""dinner""]",[],"[{""name"":""Thon au naturel"",""role"":""protein"",""grams"":130,""lookup_terms"":[""thon au naturel égoutté""]},{""name"":""Pâtes"",""role"":""starch"",""grams"":180,""lookup_terms"":[""pâtes alimentaires cuites""]},{""name"":""Champignons"",""role"":""vegetable"",""grams"":180,""lookup_terms"":[""champignon cuit""]}]",citron et persil,"[""PNNS_RECIPES"",""OLDWAYS_WORLD"",""CIQUAL""]",tee_curated_whitelist,safe_plate,0.92,Assiette TEE construite sur une matrice culinaire validée; publication seulement après résolution CIQUAL forte de chaque composant.,True,italian_inspired|protein:thon_au_naturel|starch:pates|vegetable:champignons
TEE-MEAL-023,"Œufs, pâtes et tomates · inspiration italienne",composed_plate,,italian_inspired,False,0,"[""lunch"",""dinner""]",[],"[{""name"":""Œufs"",""role"":""protein"",""grams"":120,""lookup_terms"":[""oeuf dur"",""oeuf cuit""]},{""name"":""Pâtes"",""role"":""starch"",""grams"":180,""lookup_terms"":[""pâtes alimentaires cuites""]},{""name"":""Tomates"",""role"":""vegetable"",""grams"":180,""lookup_terms"":[""tomate cuite""]}]",sauge et ail,"[""PNNS_RECIPES"",""OLDWAYS_WORLD"",""CIQUAL""]",tee_curated_whitelist,safe_plate,0.92,Assiette TEE construite sur une matrice culinaire validée; publication seulement après résolution CIQUAL forte de chaque composant.,True,italian_inspired|protein:ufs|starch:pates|vegetable:tomates
TEE-MEAL-024,"Haricots blancs, pâtes et courgettes · inspiration italienne",composed_plate,,italian_inspired,False,0,"[""lunch"",""dinner""]","[""vegetarian""]","[{""name"":""Haricots blancs"",""role"":""protein_plant"",""grams"":160,""lookup_terms"":[""haricot blanc cuit""]},{""name"":""Pâtes"",""role"":""starch"",""grams"":180,""lookup_terms"":[""pâtes alimentaires cuites""]},{""name"":""Courgettes"",""role"":""vegetable"",""grams"":180,""lookup_terms"":[""courgette cuite""]}]",origan et tomate,"[""PNNS_RECIPES"",""OLDWAYS_WORLD"",""CIQUAL""]",tee_curated_whitelist,safe_plate,0.92,Assiette TEE construite sur une matrice culinaire validée; publication seulement après résolution CIQUAL forte de chaque composant.,True,italian_inspired|protein_plant:haricots_blancs|starch:pates|vegetable:courgettes
TEE-MEAL-025,"Tofu ferme, pâtes et épinards · inspiration italienne",composed_plate,,italian_inspired,False,0,"[""lunch"",""dinner""]","[""vegetarian""]","[{""name"":""Tofu ferme"",""role"":""protein_plant"",""grams"":150,""lookup_terms"":[""tofu nature""]},{""name"":""Pâtes"",""role"":""starch"",""grams"":180,""lookup_terms"":[""pâtes alimentaires cuites""]},{""name"":""Épinards"",""role"":""vegetable"",""grams"":180,""lookup_terms"":[""épinard cuit""]}]",tomate et basilic,"[""PNNS_RECIPES"",""OLDWAYS_WORLD"",""CIQUAL""]",tee_curated_whitelist,safe_plate,0.92,Assiette TEE construite sur une matrice culinaire validée; publication seulement après résolution CIQUAL forte de chaque composant.,True,italian_inspired|protein_plant:tofu_ferme|starch:pates|vegetable:epinards
TEE-MEAL-026,"Poulet grillé, polenta et tomates · inspiration italienne",composed_plate,,italian_inspired,False,0,"[""lunch"",""dinner""]",[],"[{""name"":""Poulet grillé"",""role"":""protein"",""grams"":140,""lookup_terms"":[""poulet viande cuite""]},{""name"":""Polenta"",""role"":""starch"",""grams"":180,""lookup_terms"":[""polenta cuite"",""semoule de maïs cuite""]},{""name"":""Tomates"",""role"":""vegetable"",""grams"":180,""lookup_terms"":[""tomate cuite""]}]",citron et persil,"[""PNNS_RECIPES"",""OLDWAYS_WORLD"",""CIQUAL""]",tee_curated_whitelist,safe_plate,0.92,Assiette TEE construite sur une matrice culinaire validée; publication seulement après résolution CIQUAL forte de chaque composant.,True,italian_inspired|protein:poulet_grille|starch:polenta|vegetable:tomates
TEE-MEAL-027,"Thon au naturel, polenta et courgettes · inspiration italienne",composed_plate,,italian_inspired,False,0,"[""lunch"",""dinner""]",[],"[{""name"":""Thon au naturel"",""role"":""protein"",""grams"":130,""lookup_terms"":[""thon au naturel égoutté""]},{""name"":""Polenta"",""role"":""starch"",""grams"":180,""lookup_terms"":[""polenta cuite"",""semoule de maïs cuite""]},{""name"":""Courgettes"",""role"":""vegetable"",""grams"":180,""lookup_terms"":[""courgette cuite""]}]",sauge et ail,"[""PNNS_RECIPES"",""OLDWAYS_WORLD"",""CIQUAL""]",tee_curated_whitelist,safe_plate,0.92,Assiette TEE construite sur une matrice culinaire validée; publication seulement après résolution CIQUAL forte de chaque composant.,True,italian_inspired|protein:thon_au_naturel|starch:polenta|vegetable:courgettes
TEE-MEAL-028,"Œufs, polenta et épinards · inspiration italienne",composed_plate,,italian_inspired,False,0,"[""lunch"",""dinner""]",[],"[{""name"":""Œufs"",""role"":""protein"",""grams"":120,""lookup_terms"":[""oeuf dur"",""oeuf cuit""]},{""name"":""Polenta"",""role"":""starch"",""grams"":180,""lookup_terms"":[""polenta cuite"",""semoule de maïs cuite""]},{""name"":""Épinards"",""role"":""vegetable"",""grams"":180,""lookup_terms"":[""épinard cuit""]}]",origan et tomate,"[""PNNS_RECIPES"",""OLDWAYS_WORLD"",""CIQUAL""]",tee_curated_whitelist,safe_plate,0.92,Assiette TEE construite sur une matrice culinaire validée; publication seulement après résolution CIQUAL forte de chaque composant.,True,italian_inspired|protein:ufs|starch:polenta|vegetable:epinards
TEE-MEAL-029,"Haricots blancs, polenta et champignons · inspiration italienne",composed_plate,,italian_inspired,False,0,"[""lunch"",""dinner""]","[""vegetarian""]","[{""name"":""Haricots blancs"",""role"":""protein_plant"",""grams"":160,""lookup_terms"":[""haricot blanc cuit""]},{""name"":""Polenta"",""role"":""starch"",""grams"":180,""lookup_terms"":[""polenta cuite"",""semoule de maïs cuite""]},{""name"":""Champignons"",""role"":""vegetable"",""grams"":180,""lookup_terms"":[""champignon cuit""]}]",tomate et basilic,"[""PNNS_RECIPES"",""OLDWAYS_WORLD"",""CIQUAL""]",tee_curated_whitelist,safe_plate,0.92,Assiette TEE construite sur une matrice culinaire validée; publication seulement après résolution CIQUAL forte de chaque composant.,True,italian_inspired|protein_plant:haricots_blancs|starch:polenta|vegetable:champignons
TEE-MEAL-030,"Tofu ferme, polenta et tomates · inspiration italienne",composed_plate,,italian_inspired,False,0,"[""lunch"",""dinner""]","[""vegetarian""]","[{""name"":""Tofu ferme"",""role"":""protein_plant"",""grams"":150,""lookup_terms"":[""tofu nature""]},{""name"":""Polenta"",""role"":""starch"",""grams"":180,""lookup_terms"":[""polenta cuite"",""semoule de maïs cuite""]},{""name"":""Tomates"",""role"":""vegetable"",""grams"":180,""lookup_terms"":[""tomate cuite""]}]",citron et persil,"[""PNNS_RECIPES"",""OLDWAYS_WORLD"",""CIQUAL""]",tee_curated_whitelist,safe_plate,0.92,Assiette TEE construite sur une matrice culinaire validée; publication seulement après résolution CIQUAL forte de chaque composant.,True,italian_inspired|protein_plant:tofu_ferme|starch:polenta|vegetable:tomates
TEE-MEAL-031,"Poulet grillé, riz et épinards · inspiration italienne",composed_plate,,italian_inspired,False,0,"[""lunch"",""dinner""]",[],"[{""name"":""Poulet grillé"",""role"":""protein"",""grams"":140,""lookup_terms"":[""poulet viande cuite""]},{""name"":""Riz"",""role"":""starch"",""grams"":170,""lookup_terms"":[""riz blanc cuit""]},{""name"":""Épinards"",""role"":""vegetable"",""grams"":180,""lookup_terms"":[""épinard cuit""]}]",sauge et ail,"[""PNNS_RECIPES"",""OLDWAYS_WORLD"",""CIQUAL""]",tee_curated_whitelist,safe_plate,0.92,Assiette TEE construite sur une matrice culinaire validée; publication seulement après résolution CIQUAL forte de chaque composant.,True,italian_inspired|protein:poulet_grille|starch:riz|vegetable:epinards
TEE-MEAL-032,"Thon au naturel, riz et champignons · inspiration italienne",composed_plate,,italian_inspired,False,0,"[""lunch"",""dinner""]",[],"[{""name"":""Thon au naturel"",""role"":""protein"",""grams"":130,""lookup_terms"":[""thon au naturel égoutté""]},{""name"":""Riz"",""role"":""starch"",""grams"":170,""lookup_terms"":[""riz blanc cuit""]},{""name"":""Champignons"",""role"":""vegetable"",""grams"":180,""lookup_terms"":[""champignon cuit""]}]",origan et tomate,"[""PNNS_RECIPES"",""OLDWAYS_WORLD"",""CIQUAL""]",tee_curated_whitelist,safe_plate,0.92,Assiette TEE construite sur une matrice culinaire validée; publication seulement après résolution CIQUAL forte de chaque composant.,True,italian_inspired|protein:thon_au_naturel|starch:riz|vegetable:champignons
TEE-MEAL-033,"Œufs, riz et tomates · inspiration italienne",composed_plate,,italian_inspired,False,0,"[""lunch"",""dinner""]",[],"[{""name"":""Œufs"",""role"":""protein"",""grams"":120,""lookup_terms"":[""oeuf dur"",""oeuf cuit""]},{""name"":""Riz"",""role"":""starch"",""grams"":170,""lookup_terms"":[""riz blanc cuit""]},{""name"":""Tomates"",""role"":""vegetable"",""grams"":180,""lookup_terms"":[""tomate cuite""]}]",tomate et basilic,"[""PNNS_RECIPES"",""OLDWAYS_WORLD"",""CIQUAL""]",tee_curated_whitelist,safe_plate,0.92,Assiette TEE construite sur une matrice culinaire validée; publication seulement après résolution CIQUAL forte de chaque composant.,True,italian_inspired|protein:ufs|starch:riz|vegetable:tomates
TEE-MEAL-034,"Haricots blancs, riz et courgettes · inspiration italienne",composed_plate,,italian_inspired,False,0,"[""lunch"",""dinner""]","[""vegetarian""]","[{""name"":""Haricots blancs"",""role"":""protein_plant"",""grams"":160,""lookup_terms"":[""haricot blanc cuit""]},{""name"":""Riz"",""role"":""starch"",""grams"":170,""lookup_terms"":[""riz blanc cuit""]},{""name"":""Courgettes"",""role"":""vegetable"",""grams"":180,""lookup_terms"":[""courgette cuite""]}]",citron et persil,"[""PNNS_RECIPES"",""OLDWAYS_WORLD"",""CIQUAL""]",tee_curated_whitelist,safe_plate,0.92,Assiette TEE construite sur une matrice culinaire validée; publication seulement après résolution CIQUAL forte de chaque composant.,True,italian_inspired|protein_plant:haricots_blancs|starch:riz|vegetable:courgettes
TEE-MEAL-035,"Tofu ferme, riz et épinards · inspiration italienne",composed_plate,,italian_inspired,False,0,"[""lunch"",""dinner""]","[""vegetarian""]","[{""name"":""Tofu ferme"",""role"":""protein_plant"",""grams"":150,""lookup_terms"":[""tofu nature""]},{""name"":""Riz"",""role"":""starch"",""grams"":170,""lookup_terms"":[""riz blanc cuit""]},{""name"":""Épinards"",""role"":""vegetable"",""grams"":180,""lookup_terms"":[""épinard cuit""]}]",sauge et ail,"[""PNNS_RECIPES"",""OLDWAYS_WORLD"",""CIQUAL""]",tee_curated_whitelist,safe_plate,0.92,Assiette TEE construite sur une matrice culinaire validée; publication seulement après résolution CIQUAL forte de chaque composant.,True,italian_inspired|protein_plant:tofu_ferme|starch:riz|vegetable:epinards
TEE-MEAL-036,"Poulet grillé, pommes de terre et tomates · inspiration italienne",composed_plate,,italian_inspired,False,0,"[""lunch"",""dinner""]",[],"[{""name"":""Poulet grillé"",""role"":""protein"",""grams"":140,""lookup_terms"":[""poulet viande cuite""]},{""name"":""Pommes de terre"",""role"":""starch"",""grams"":190,""lookup_terms"":[""pomme de terre cuite""]},{""name"":""Tomates"",""role"":""vegetable"",""grams"":180,""lookup_terms"":[""tomate cuite""]}]",origan et tomate,"[""PNNS_RECIPES"",""OLDWAYS_WORLD"",""CIQUAL""]",tee_curated_whitelist,safe_plate,0.92,Assiette TEE construite sur une matrice culinaire validée; publication seulement après résolution CIQUAL forte de chaque composant.,True,italian_inspired|protein:poulet_grille|starch:pommes_de_terre|vegetable:tomates
TEE-MEAL-037,"Thon au naturel, pommes de terre et courgettes · inspiration italienne",composed_plate,,italian_inspired,False,0,"[""lunch"",""dinner""]",[],"[{""name"":""Thon au naturel"",""role"":""protein"",""grams"":130,""lookup_terms"":[""thon au naturel égoutté""]},{""name"":""Pommes de terre"",""role"":""starch"",""grams"":190,""lookup_terms"":[""pomme de terre cuite""]},{""name"":""Courgettes"",""role"":""vegetable"",""grams"":180,""lookup_terms"":[""courgette cuite""]}]",tomate et basilic,"[""PNNS_RECIPES"",""OLDWAYS_WORLD"",""CIQUAL""]",tee_curated_whitelist,safe_plate,0.92,Assiette TEE construite sur une matrice culinaire validée; publication seulement après résolution CIQUAL forte de chaque composant.,True,italian_inspired|protein:thon_au_naturel|starch:pommes_de_terre|vegetable:courgettes
TEE-MEAL-038,"Œufs, pommes de terre et épinards · inspiration italienne",composed_plate,,italian_inspired,False,0,"[""lunch"",""dinner""]",[],"[{""name"":""Œufs"",""role"":""protein"",""grams"":120,""lookup_terms"":[""oeuf dur"",""oeuf cuit""]},{""name"":""Pommes de terre"",""role"":""starch"",""grams"":190,""lookup_terms"":[""pomme de terre cuite""]},{""name"":""Épinards"",""role"":""vegetable"",""grams"":180,""lookup_terms"":[""épinard cuit""]}]",citron et persil,"[""PNNS_RECIPES"",""OLDWAYS_WORLD"",""CIQUAL""]",tee_curated_whitelist,safe_plate,0.92,Assiette TEE construite sur une matrice culinaire validée; publication seulement après résolution CIQUAL forte de chaque composant.,True,italian_inspired|protein:ufs|starch:pommes_de_terre|vegetable:epinards
TEE-MEAL-039,"Haricots blancs, pommes de terre et champignons · inspiration italienne",composed_plate,,italian_inspired,False,0,"[""lunch"",""dinner""]","[""vegetarian""]","[{""name"":""Haricots blancs"",""role"":""protein_plant"",""grams"":160,""lookup_terms"":[""haricot blanc cuit""]},{""name"":""Pommes de terre"",""role"":""starch"",""grams"":190,""lookup_terms"":[""pomme de terre cuite""]},{""name"":""Champignons"",""role"":""vegetable"",""grams"":180,""lookup_terms"":[""champignon cuit""]}]",sauge et ail,"[""PNNS_RECIPES"",""OLDWAYS_WORLD"",""CIQUAL""]",tee_curated_whitelist,safe_plate,0.92,Assiette TEE construite sur une matrice culinaire validée; publication seulement après résolution CIQUAL forte de chaque composant.,True,italian_inspired|protein_plant:haricots_blancs|starch:pommes_de_terre|vegetable:champignons
TEE-MEAL-040,"Tofu ferme, pommes de terre et tomates · inspiration italienne",composed_plate,,italian_inspired,False,0,"[""lunch"",""dinner""]","[""vegetarian""]","[{""name"":""Tofu ferme"",""role"":""protein_plant"",""grams"":150,""lookup_terms"":[""tofu nature""]},{""name"":""Pommes de terre"",""role"":""starch"",""grams"":190,""lookup_terms"":[""pomme de terre cuite""]},{""name"":""Tomates"",""role"":""vegetable"",""grams"":180,""lookup_terms"":[""tomate cuite""]}]",origan et tomate,"[""PNNS_RECIPES"",""OLDWAYS_WORLD"",""CIQUAL""]",tee_curated_whitelist,safe_plate,0.92,Assiette TEE construite sur une matrice culinaire validée; publication seulement après résolution CIQUAL forte de chaque composant.,True,italian_inspired|protein_plant:tofu_ferme|starch:pommes_de_terre|vegetable:tomates
TEE-MEAL-041,"Poulet citronné, pommes de terre et aubergines · inspiration grecque",composed_plate,,greek_inspired,False,0,"[""lunch"",""dinner""]",[],"[{""name"":""Poulet citronné"",""role"":""protein"",""grams"":140,""lookup_terms"":[""poulet viande cuite""]},{""name"":""Pommes de terre"",""role"":""starch"",""grams"":190,""lookup_terms"":[""pomme de terre cuite""]},{""name"":""Aubergines"",""role"":""vegetable"",""grams"":180,""lookup_terms"":[""aubergine cuite""]}]",citron et origan,"[""OLDWAYS_WORLD"",""PNNS_PLATE"",""CIQUAL""]",tee_curated_whitelist,safe_plate,0.92,Assiette TEE construite sur une matrice culinaire validée; publication seulement après résolution CIQUAL forte de chaque composant.,True,greek_inspired|protein:poulet_citronne|starch:pommes_de_terre|vegetable:aubergines
TEE-MEAL-042,"Poisson blanc, pommes de terre et poivrons · inspiration grecque",composed_plate,,greek_inspired,False,0,"[""lunch"",""dinner""]",[],"[{""name"":""Poisson blanc"",""role"":""protein"",""grams"":150,""lookup_terms"":[""cabillaud cuit"",""colin cuit""]},{""name"":""Pommes de terre"",""role"":""starch"",""grams"":190,""lookup_terms"":[""pomme de terre cuite""]},{""name"":""Poivrons"",""role"":""vegetable"",""grams"":180,""lookup_terms"":[""poivron cuit""]}]","tomate, citron et persil","[""OLDWAYS_WORLD"",""PNNS_PLATE"",""CIQUAL""]",tee_curated_whitelist,safe_plate,0.92,Assiette TEE construite sur une matrice culinaire validée; publication seulement après résolution CIQUAL forte de chaque composant.,True,greek_inspired|protein:poisson_blanc|starch:pommes_de_terre|vegetable:poivrons
TEE-MEAL-043,"Œufs, pommes de terre et concombre et tomate · inspiration grecque",composed_plate,,greek_inspired,False,0,"[""lunch"",""dinner""]",[],"[{""name"":""Œufs"",""role"":""protein"",""grams"":120,""lookup_terms"":[""oeuf dur""]},{""name"":""Pommes de terre"",""role"":""starch"",""grams"":190,""lookup_terms"":[""pomme de terre cuite""]},{""name"":""Concombre"",""role"":""vegetable"",""grams"":95,""lookup_terms"":[""concombre pulpe cru""]},{""name"":""tomate"",""role"":""vegetable"",""grams"":95,""lookup_terms"":[""tomate crue""]}]","ail, aneth et citron","[""OLDWAYS_WORLD"",""PNNS_PLATE"",""CIQUAL""]",tee_curated_whitelist,safe_plate,0.92,Assiette TEE construite sur une matrice culinaire validée; publication seulement après résolution CIQUAL forte de chaque composant.,True,greek_inspired|protein:ufs|starch:pommes_de_terre|vegetable:concombre|vegetable:tomate
TEE-MEAL-044,"Pois chiches, pommes de terre et courgettes · inspiration grecque",composed_plate,,greek_inspired,False,0,"[""lunch"",""dinner""]","[""vegetarian""]","[{""name"":""Pois chiches"",""role"":""protein_plant"",""grams"":150,""lookup_terms"":[""pois chiche cuit""]},{""name"":""Pommes de terre"",""role"":""starch"",""grams"":190,""lookup_terms"":[""pomme de terre cuite""]},{""name"":""Courgettes"",""role"":""vegetable"",""grams"":180,""lookup_terms"":[""courgette cuite""]}]",origan et huile d’olive,"[""OLDWAYS_WORLD"",""PNNS_PLATE"",""CIQUAL""]",tee_curated_whitelist,safe_plate,0.92,Assiette TEE construite sur une matrice culinaire validée; publication seulement après résolution CIQUAL forte de chaque composant.,True,greek_inspired|protein_plant:pois_chiches|starch:pommes_de_terre|vegetable:courgettes
TEE-MEAL-045,"Lentilles, pommes de terre et aubergines · inspiration grecque",composed_plate,,greek_inspired,False,0,"[""lunch"",""dinner""]","[""vegetarian""]","[{""name"":""Lentilles"",""role"":""protein_plant"",""grams"":160,""lookup_terms"":[""lentille cuite""]},{""name"":""Pommes de terre"",""role"":""starch"",""grams"":190,""lookup_terms"":[""pomme de terre cuite""]},{""name"":""Aubergines"",""role"":""vegetable"",""grams"":180,""lookup_terms"":[""aubergine cuite""]}]",citron et origan,"[""OLDWAYS_WORLD"",""PNNS_PLATE"",""CIQUAL""]",tee_curated_whitelist,safe_plate,0.92,Assiette TEE construite sur une matrice culinaire validée; publication seulement après résolution CIQUAL forte de chaque composant.,True,greek_inspired|protein_plant:lentilles|starch:pommes_de_terre|vegetable:aubergines
TEE-MEAL-046,"Poulet citronné, boulgour et concombre et tomate · inspiration grecque",composed_plate,,greek_inspired,False,0,"[""lunch"",""dinner""]",[],"[{""name"":""Poulet citronné"",""role"":""protein"",""grams"":140,""lookup_terms"":[""poulet viande cuite""]},{""name"":""Boulgour"",""role"":""starch"",""grams"":170,""lookup_terms"":[""boulgour cuit""]},{""name"":""Concombre"",""role"":""vegetable"",""grams"":95,""lookup_terms"":[""concombre pulpe cru""]},{""name"":""tomate"",""role"":""vegetable"",""grams"":95,""lookup_terms"":[""tomate crue""]}]","tomate, citron et persil","[""OLDWAYS_WORLD"",""PNNS_PLATE"",""CIQUAL""]",tee_curated_whitelist,safe_plate,0.92,Assiette TEE construite sur une matrice culinaire validée; publication seulement après résolution CIQUAL forte de chaque composant.,True,greek_inspired|protein:poulet_citronne|starch:boulgour|vegetable:concombre|vegetable:tomate
TEE-MEAL-047,"Poisson blanc, boulgour et courgettes · inspiration grecque",composed_plate,,greek_inspired,False,0,"[""lunch"",""dinner""]",[],"[{""name"":""Poisson blanc"",""role"":""protein"",""grams"":150,""lookup_terms"":[""cabillaud cuit"",""colin cuit""]},{""name"":""Boulgour"",""role"":""starch"",""grams"":170,""lookup_terms"":[""boulgour cuit""]},{""name"":""Courgettes"",""role"":""vegetable"",""grams"":180,""lookup_terms"":[""courgette cuite""]}]","ail, aneth et citron","[""OLDWAYS_WORLD"",""PNNS_PLATE"",""CIQUAL""]",tee_curated_whitelist,safe_plate,0.92,Assiette TEE construite sur une matrice culinaire validée; publication seulement après résolution CIQUAL forte de chaque composant.,True,greek_inspired|protein:poisson_blanc|starch:boulgour|vegetable:courgettes
TEE-MEAL-048,"Œufs, boulgour et aubergines · inspiration grecque",composed_plate,,greek_inspired,False,0,"[""lunch"",""dinner""]",[],"[{""name"":""Œufs"",""role"":""protein"",""grams"":120,""lookup_terms"":[""oeuf dur""]},{""name"":""Boulgour"",""role"":""starch"",""grams"":170,""lookup_terms"":[""boulgour cuit""]},{""name"":""Aubergines"",""role"":""vegetable"",""grams"":180,""lookup_terms"":[""aubergine cuite""]}]",origan et huile d’olive,"[""OLDWAYS_WORLD"",""PNNS_PLATE"",""CIQUAL""]",tee_curated_whitelist,safe_plate,0.92,Assiette TEE construite sur une matrice culinaire validée; publication seulement après résolution CIQUAL forte de chaque composant.,True,greek_inspired|protein:ufs|starch:boulgour|vegetable:aubergines
TEE-MEAL-049,"Pois chiches, boulgour et poivrons · inspiration grecque",composed_plate,,greek_inspired,False,0,"[""lunch"",""dinner""]","[""vegetarian""]","[{""name"":""Pois chiches"",""role"":""protein_plant"",""grams"":150,""lookup_terms"":[""pois chiche cuit""]},{""name"":""Boulgour"",""role"":""starch"",""grams"":170,""lookup_terms"":[""boulgour cuit""]},{""name"":""Poivrons"",""role"":""vegetable"",""grams"":180,""lookup_terms"":[""poivron cuit""]}]",citron et origan,"[""OLDWAYS_WORLD"",""PNNS_PLATE"",""CIQUAL""]",tee_curated_whitelist,safe_plate,0.92,Assiette TEE construite sur une matrice culinaire validée; publication seulement après résolution CIQUAL forte de chaque composant.,True,greek_inspired|protein_plant:pois_chiches|starch:boulgour|vegetable:poivrons
TEE-MEAL-050,"Lentilles, boulgour et concombre et tomate · inspiration grecque",composed_plate,,greek_inspired,False,0,"[""lunch"",""dinner""]","[""vegetarian""]","[{""name"":""Lentilles"",""role"":""protein_plant"",""grams"":160,""lookup_terms"":[""lentille cuite""]},{""name"":""Boulgour"",""role"":""starch"",""grams"":170,""lookup_terms"":[""boulgour cuit""]},{""name"":""Concombre"",""role"":""vegetable"",""grams"":95,""lookup_terms"":[""concombre pulpe cru""]},{""name"":""tomate"",""role"":""vegetable"",""grams"":95,""lookup_terms"":[""tomate crue""]}]","tomate, citron et persil","[""OLDWAYS_WORLD"",""PNNS_PLATE"",""CIQUAL""]",tee_curated_whitelist,safe_plate,0.92,Assiette TEE construite sur une matrice culinaire validée; publication seulement après résolution CIQUAL forte de chaque composant.,True,greek_inspired|protein_plant:lentilles|starch:boulgour|vegetable:concombre|vegetable:tomate
TEE-MEAL-051,"Poulet citronné, riz et aubergines · inspiration grecque",composed_plate,,greek_inspired,False,0,"[""lunch"",""dinner""]",[],"[{""name"":""Poulet citronné"",""role"":""protein"",""grams"":140,""lookup_terms"":[""poulet viande cuite""]},{""name"":""Riz"",""role"":""starch"",""grams"":170,""lookup_terms"":[""riz cuit""]},{""name"":""Aubergines"",""role"":""vegetable"",""grams"":180,""lookup_terms"":[""aubergine cuite""]}]","ail, aneth et citron","[""OLDWAYS_WORLD"",""PNNS_PLATE"",""CIQUAL""]",tee_curated_whitelist,safe_plate,0.92,Assiette TEE construite sur une matrice culinaire validée; publication seulement après résolution CIQUAL forte de chaque composant.,True,greek_inspired|protein:poulet_citronne|starch:riz|vegetable:aubergines
TEE-MEAL-052,"Poisson blanc, riz et poivrons · inspiration grecque",composed_plate,,greek_inspired,False,0,"[""lunch"",""dinner""]",[],"[{""name"":""Poisson blanc"",""role"":""protein"",""grams"":150,""lookup_terms"":[""cabillaud cuit"",""colin cuit""]},{""name"":""Riz"",""role"":""starch"",""grams"":170,""lookup_terms"":[""riz cuit""]},{""name"":""Poivrons"",""role"":""vegetable"",""grams"":180,""lookup_terms"":[""poivron cuit""]}]",origan et huile d’olive,"[""OLDWAYS_WORLD"",""PNNS_PLATE"",""CIQUAL""]",tee_curated_whitelist,safe_plate,0.92,Assiette TEE construite sur une matrice culinaire validée; publication seulement après résolution CIQUAL forte de chaque composant.,True,greek_inspired|protein:poisson_blanc|starch:riz|vegetable:poivrons
TEE-MEAL-053,"Œufs, riz et concombre et tomate · inspiration grecque",composed_plate,,greek_inspired,False,0,"[""lunch"",""dinner""]",[],"[{""name"":""Œufs"",""role"":""protein"",""grams"":120,""lookup_terms"":[""oeuf dur""]},{""name"":""Riz"",""role"":""starch"",""grams"":170,""lookup_terms"":[""riz cuit""]},{""name"":""Concombre"",""role"":""vegetable"",""grams"":95,""lookup_terms"":[""concombre pulpe cru""]},{""name"":""tomate"",""role"":""vegetable"",""grams"":95,""lookup_terms"":[""tomate crue""]}]",citron et origan,"[""OLDWAYS_WORLD"",""PNNS_PLATE"",""CIQUAL""]",tee_curated_whitelist,safe_plate,0.92,Assiette TEE construite sur une matrice culinaire validée; publication seulement après résolution CIQUAL forte de chaque composant.,True,greek_inspired|protein:ufs|starch:riz|vegetable:concombre|vegetable:tomate
TEE-MEAL-054,"Pois chiches, riz et courgettes · inspiration grecque",composed_plate,,greek_inspired,False,0,"[""lunch"",""dinner""]","[""vegetarian""]","[{""name"":""Pois chiches"",""role"":""protein_plant"",""grams"":150,""lookup_terms"":[""pois chiche cuit""]},{""name"":""Riz"",""role"":""starch"",""grams"":170,""lookup_terms"":[""riz cuit""]},{""name"":""Courgettes"",""role"":""vegetable"",""grams"":180,""lookup_terms"":[""courgette cuite""]}]","tomate, citron et persil","[""OLDWAYS_WORLD"",""PNNS_PLATE"",""CIQUAL""]",tee_curated_whitelist,safe_plate,0.92,Assiette TEE construite sur une matrice culinaire validée; publication seulement après résolution CIQUAL forte de chaque composant.,True,greek_inspired|protein_plant:pois_chiches|starch:riz|vegetable:courgettes
TEE-MEAL-055,"Lentilles, riz et aubergines · inspiration grecque",composed_plate,,greek_inspired,False,0,"[""lunch"",""dinner""]","[""vegetarian""]","[{""name"":""Lentilles"",""role"":""protein_plant"",""grams"":160,""lookup_terms"":[""lentille cuite""]},{""name"":""Riz"",""role"":""starch"",""grams"":170,""lookup_terms"":[""riz cuit""]},{""name"":""Aubergines"",""role"":""vegetable"",""grams"":180,""lookup_terms"":[""aubergine cuite""]}]","ail, aneth et citron","[""OLDWAYS_WORLD"",""PNNS_PLATE"",""CIQUAL""]",tee_curated_whitelist,safe_plate,0.92,Assiette TEE construite sur une matrice culinaire validée; publication seulement après résolution CIQUAL forte de chaque composant.,True,greek_inspired|protein_plant:lentilles|starch:riz|vegetable:aubergines
TEE-MEAL-056,"Poulet citronné, quinoa et concombre et tomate · inspiration grecque",composed_plate,,greek_inspired,False,0,"[""lunch"",""dinner""]",[],"[{""name"":""Poulet citronné"",""role"":""protein"",""grams"":140,""lookup_terms"":[""poulet viande cuite""]},{""name"":""Quinoa"",""role"":""starch"",""grams"":170,""lookup_terms"":[""quinoa cuit""]},{""name"":""Concombre"",""role"":""vegetable"",""grams"":95,""lookup_terms"":[""concombre pulpe cru""]},{""name"":""tomate"",""role"":""vegetable"",""grams"":95,""lookup_terms"":[""tomate crue""]}]",origan et huile d’olive,"[""OLDWAYS_WORLD"",""PNNS_PLATE"",""CIQUAL""]",tee_curated_whitelist,safe_plate,0.92,Assiette TEE construite sur une matrice culinaire validée; publication seulement après résolution CIQUAL forte de chaque composant.,True,greek_inspired|protein:poulet_citronne|starch:quinoa|vegetable:concombre|vegetable:tomate
TEE-MEAL-057,"Poisson blanc, quinoa et courgettes · inspiration grecque",composed_plate,,greek_inspired,False,0,"[""lunch"",""dinner""]",[],"[{""name"":""Poisson blanc"",""role"":""protein"",""grams"":150,""lookup_terms"":[""cabillaud cuit"",""colin cuit""]},{""name"":""Quinoa"",""role"":""starch"",""grams"":170,""lookup_terms"":[""quinoa cuit""]},{""name"":""Courgettes"",""role"":""vegetable"",""grams"":180,""lookup_terms"":[""courgette cuite""]}]",citron et origan,"[""OLDWAYS_WORLD"",""PNNS_PLATE"",""CIQUAL""]",tee_curated_whitelist,safe_plate,0.92,Assiette TEE construite sur une matrice culinaire validée; publication seulement après résolution CIQUAL forte de chaque composant.,True,greek_inspired|protein:poisson_blanc|starch:quinoa|vegetable:courgettes
TEE-MEAL-058,"Œufs, quinoa et aubergines · inspiration grecque",composed_plate,,greek_inspired,False,0,"[""lunch"",""dinner""]",[],"[{""name"":""Œufs"",""role"":""protein"",""grams"":120,""lookup_terms"":[""oeuf dur""]},{""name"":""Quinoa"",""role"":""starch"",""grams"":170,""lookup_terms"":[""quinoa cuit""]},{""name"":""Aubergines"",""role"":""vegetable"",""grams"":180,""lookup_terms"":[""aubergine cuite""]}]","tomate, citron et persil","[""OLDWAYS_WORLD"",""PNNS_PLATE"",""CIQUAL""]",tee_curated_whitelist,safe_plate,0.92,Assiette TEE construite sur une matrice culinaire validée; publication seulement après résolution CIQUAL forte de chaque composant.,True,greek_inspired|protein:ufs|starch:quinoa|vegetable:aubergines
TEE-MEAL-059,"Pois chiches, quinoa et poivrons · inspiration grecque",composed_plate,,greek_inspired,False,0,"[""lunch"",""dinner""]","[""vegetarian""]","[{""name"":""Pois chiches"",""role"":""protein_plant"",""grams"":150,""lookup_terms"":[""pois chiche cuit""]},{""name"":""Quinoa"",""role"":""starch"",""grams"":170,""lookup_terms"":[""quinoa cuit""]},{""name"":""Poivrons"",""role"":""vegetable"",""grams"":180,""lookup_terms"":[""poivron cuit""]}]","ail, aneth et citron","[""OLDWAYS_WORLD"",""PNNS_PLATE"",""CIQUAL""]",tee_curated_whitelist,safe_plate,0.92,Assiette TEE construite sur une matrice culinaire validée; publication seulement après résolution CIQUAL forte de chaque composant.,True,greek_inspired|protein_plant:pois_chiches|starch:quinoa|vegetable:poivrons
TEE-MEAL-060,"Lentilles, quinoa et concombre et tomate · inspiration grecque",composed_plate,,greek_inspired,False,0,"[""lunch"",""dinner""]","[""vegetarian""]","[{""name"":""Lentilles"",""role"":""protein_plant"",""grams"":160,""lookup_terms"":[""lentille cuite""]},{""name"":""Quinoa"",""role"":""starch"",""grams"":170,""lookup_terms"":[""quinoa cuit""]},{""name"":""Concombre"",""role"":""vegetable"",""grams"":95,""lookup_terms"":[""concombre pulpe cru""]},{""name"":""tomate"",""role"":""vegetable"",""grams"":95,""lookup_terms"":[""tomate crue""]}]",origan et huile d’olive,"[""OLDWAYS_WORLD"",""PNNS_PLATE"",""CIQUAL""]",tee_curated_whitelist,safe_plate,0.92,Assiette TEE construite sur une matrice culinaire validée; publication seulement après résolution CIQUAL forte de chaque composant.,True,greek_inspired|protein_plant:lentilles|starch:quinoa|vegetable:concombre|vegetable:tomate
TEE-MEAL-061,"Poulet aux épices douces, semoule de couscous et poivrons · inspiration maghrébine",composed_plate,,maghreb_inspired,False,0,"[""lunch"",""dinner""]",[],"[{""name"":""Poulet aux épices douces"",""role"":""protein"",""grams"":140,""lookup_terms"":[""poulet viande cuite""]},{""name"":""Semoule de couscous"",""role"":""starch"",""grams"":180,""lookup_terms"":[""semoule de blé dur cuite"",""couscous cuit""]},{""name"":""Poivrons"",""role"":""vegetable"",""grams"":180,""lookup_terms"":[""poivron cuit""]}]","cumin, citron et coriandre","[""UNESCO_COUSCOUS"",""OLDWAYS_WORLD"",""CIQUAL""]",tee_curated_whitelist,safe_plate,0.92,Assiette TEE construite sur une matrice culinaire validée; publication seulement après résolution CIQUAL forte de chaque composant.,True,maghreb_inspired|protein:poulet_aux_epices_douces|starch:semoule_de_couscous|vegetable:poivrons
TEE-MEAL-062,"Poisson au cumin, semoule de couscous et carottes · inspiration maghrébine",composed_plate,,maghreb_inspired,False,0,"[""lunch"",""dinner""]",[],"[{""name"":""Poisson au cumin"",""role"":""protein"",""grams"":150,""lookup_terms"":[""cabillaud cuit"",""colin cuit""]},{""name"":""Semoule de couscous"",""role"":""starch"",""grams"":180,""lookup_terms"":[""semoule de blé dur cuite"",""couscous cuit""]},{""name"":""Carottes"",""role"":""vegetable"",""grams"":180,""lookup_terms"":[""carotte cuite""]}]",ras-el-hanout doux,"[""UNESCO_COUSCOUS"",""OLDWAYS_WORLD"",""CIQUAL""]",tee_curated_whitelist,safe_plate,0.92,Assiette TEE construite sur une matrice culinaire validée; publication seulement après résolution CIQUAL forte de chaque composant.,True,maghreb_inspired|protein:poisson_au_cumin|starch:semoule_de_couscous|vegetable:carottes
TEE-MEAL-063,"Œufs, semoule de couscous et courgettes · inspiration maghrébine",composed_plate,,maghreb_inspired,False,0,"[""lunch"",""dinner""]",[],"[{""name"":""Œufs"",""role"":""protein"",""grams"":120,""lookup_terms"":[""oeuf cuit""]},{""name"":""Semoule de couscous"",""role"":""starch"",""grams"":180,""lookup_terms"":[""semoule de blé dur cuite"",""couscous cuit""]},{""name"":""Courgettes"",""role"":""vegetable"",""grams"":180,""lookup_terms"":[""courgette cuite""]}]","curcuma, cumin et tomate","[""UNESCO_COUSCOUS"",""OLDWAYS_WORLD"",""CIQUAL""]",tee_curated_whitelist,safe_plate,0.92,Assiette TEE construite sur une matrice culinaire validée; publication seulement après résolution CIQUAL forte de chaque composant.,True,maghreb_inspired|protein:ufs|starch:semoule_de_couscous|vegetable:courgettes
TEE-MEAL-064,"Pois chiches, semoule de couscous et aubergines · inspiration maghrébine",composed_plate,,maghreb_inspired,False,0,"[""lunch"",""dinner""]","[""vegetarian""]","[{""name"":""Pois chiches"",""role"":""protein_plant"",""grams"":150,""lookup_terms"":[""pois chiche cuit""]},{""name"":""Semoule de couscous"",""role"":""starch"",""grams"":180,""lookup_terms"":[""semoule de blé dur cuite"",""couscous cuit""]},{""name"":""Aubergines"",""role"":""vegetable"",""grams"":180,""lookup_terms"":[""aubergine cuite""]}]",citron confit et persil,"[""UNESCO_COUSCOUS"",""OLDWAYS_WORLD"",""CIQUAL""]",tee_curated_whitelist,safe_plate,0.92,Assiette TEE construite sur une matrice culinaire validée; publication seulement après résolution CIQUAL forte de chaque composant.,True,maghreb_inspired|protein_plant:pois_chiches|starch:semoule_de_couscous|vegetable:aubergines
TEE-MEAL-065,"Lentilles, semoule de couscous et poivrons · inspiration maghrébine",composed_plate,,maghreb_inspired,False,0,"[""lunch"",""dinner""]","[""vegetarian""]","[{""name"":""Lentilles"",""role"":""protein_plant"",""grams"":160,""lookup_terms"":[""lentille cuite""]},{""name"":""Semoule de couscous"",""role"":""starch"",""grams"":180,""lookup_terms"":[""semoule de blé dur cuite"",""couscous cuit""]},{""name"":""Poivrons"",""role"":""vegetable"",""grams"":180,""lookup_terms"":[""poivron cuit""]}]","cumin, citron et coriandre","[""UNESCO_COUSCOUS"",""OLDWAYS_WORLD"",""CIQUAL""]",tee_curated_whitelist,safe_plate,0.92,Assiette TEE construite sur une matrice culinaire validée; publication seulement après résolution CIQUAL forte de chaque composant.,True,maghreb_inspired|protein_plant:lentilles|starch:semoule_de_couscous|vegetable:poivrons
TEE-MEAL-066,"Poulet aux épices douces, boulgour et courgettes · inspiration maghrébine",composed_plate,,maghreb_inspired,False,0,"[""lunch"",""dinner""]",[],"[{""name"":""Poulet aux épices douces"",""role"":""protein"",""grams"":140,""lookup_terms"":[""poulet viande cuite""]},{""name"":""Boulgour"",""role"":""starch"",""grams"":170,""lookup_terms"":[""boulgour cuit""]},{""name"":""Courgettes"",""role"":""vegetable"",""grams"":180,""lookup_terms"":[""courgette cuite""]}]",ras-el-hanout doux,"[""UNESCO_COUSCOUS"",""OLDWAYS_WORLD"",""CIQUAL""]",tee_curated_whitelist,safe_plate,0.92,Assiette TEE construite sur une matrice culinaire validée; publication seulement après résolution CIQUAL forte de chaque composant.,True,maghreb_inspired|protein:poulet_aux_epices_douces|starch:boulgour|vegetable:courgettes
TEE-MEAL-067,"Poisson au cumin, boulgour et aubergines · inspiration maghrébine",composed_plate,,maghreb_inspired,False,0,"[""lunch"",""dinner""]",[],"[{""name"":""Poisson au cumin"",""role"":""protein"",""grams"":150,""lookup_terms"":[""cabillaud cuit"",""colin cuit""]},{""name"":""Boulgour"",""role"":""starch"",""grams"":170,""lookup_terms"":[""boulgour cuit""]},{""name"":""Aubergines"",""role"":""vegetable"",""grams"":180,""lookup_terms"":[""aubergine cuite""]}]","curcuma, cumin et tomate","[""UNESCO_COUSCOUS"",""OLDWAYS_WORLD"",""CIQUAL""]",tee_curated_whitelist,safe_plate,0.92,Assiette TEE construite sur une matrice culinaire validée; publication seulement après résolution CIQUAL forte de chaque composant.,True,maghreb_inspired|protein:poisson_au_cumin|starch:boulgour|vegetable:aubergines
TEE-MEAL-068,"Œufs, boulgour et poivrons · inspiration maghrébine",composed_plate,,maghreb_inspired,False,0,"[""lunch"",""dinner""]",[],"[{""name"":""Œufs"",""role"":""protein"",""grams"":120,""lookup_terms"":[""oeuf cuit""]},{""name"":""Boulgour"",""role"":""starch"",""grams"":170,""lookup_terms"":[""boulgour cuit""]},{""name"":""Poivrons"",""role"":""vegetable"",""grams"":180,""lookup_terms"":[""poivron cuit""]}]",citron confit et persil,"[""UNESCO_COUSCOUS"",""OLDWAYS_WORLD"",""CIQUAL""]",tee_curated_whitelist,safe_plate,0.92,Assiette TEE construite sur une matrice culinaire validée; publication seulement après résolution CIQUAL forte de chaque composant.,True,maghreb_inspired|protein:ufs|starch:boulgour|vegetable:poivrons
TEE-MEAL-069,"Pois chiches, boulgour et carottes · inspiration maghrébine",composed_plate,,maghreb_inspired,False,0,"[""lunch"",""dinner""]","[""vegetarian""]","[{""name"":""Pois chiches"",""role"":""protein_plant"",""grams"":150,""lookup_terms"":[""pois chiche cuit""]},{""name"":""Boulgour"",""role"":""starch"",""grams"":170,""lookup_terms"":[""boulgour cuit""]},{""name"":""Carottes"",""role"":""vegetable"",""grams"":180,""lookup_terms"":[""carotte cuite""]}]","cumin, citron et coriandre","[""UNESCO_COUSCOUS"",""OLDWAYS_WORLD"",""CIQUAL""]",tee_curated_whitelist,safe_plate,0.92,Assiette TEE construite sur une matrice culinaire validée; publication seulement après résolution CIQUAL forte de chaque composant.,True,maghreb_inspired|protein_plant:pois_chiches|starch:boulgour|vegetable:carottes
TEE-MEAL-070,"Lentilles, boulgour et courgettes · inspiration maghrébine",composed_plate,,maghreb_inspired,False,0,"[""lunch"",""dinner""]","[""vegetarian""]","[{""name"":""Lentilles"",""role"":""protein_plant"",""grams"":160,""lookup_terms"":[""lentille cuite""]},{""name"":""Boulgour"",""role"":""starch"",""grams"":170,""lookup_terms"":[""boulgour cuit""]},{""name"":""Courgettes"",""role"":""vegetable"",""grams"":180,""lookup_terms"":[""courgette cuite""]}]",ras-el-hanout doux,"[""UNESCO_COUSCOUS"",""OLDWAYS_WORLD"",""CIQUAL""]",tee_curated_whitelist,safe_plate,0.92,Assiette TEE construite sur une matrice culinaire validée; publication seulement après résolution CIQUAL forte de chaque composant.,True,maghreb_inspired|protein_plant:lentilles|starch:boulgour|vegetable:courgettes
TEE-MEAL-071,"Poulet aux épices douces, riz et poivrons · inspiration maghrébine",composed_plate,,maghreb_inspired,False,0,"[""lunch"",""dinner""]",[],"[{""name"":""Poulet aux épices douces"",""role"":""protein"",""grams"":140,""lookup_terms"":[""poulet viande cuite""]},{""name"":""Riz"",""role"":""starch"",""grams"":170,""lookup_terms"":[""riz cuit""]},{""name"":""Poivrons"",""role"":""vegetable"",""grams"":180,""lookup_terms"":[""poivron cuit""]}]","curcuma, cumin et tomate","[""UNESCO_COUSCOUS"",""OLDWAYS_WORLD"",""CIQUAL""]",tee_curated_whitelist,safe_plate,0.92,Assiette TEE construite sur une matrice culinaire validée; publication seulement après résolution CIQUAL forte de chaque composant.,True,maghreb_inspired|protein:poulet_aux_epices_douces|starch:riz|vegetable:poivrons
TEE-MEAL-072,"Poisson au cumin, riz et carottes · inspiration maghrébine",composed_plate,,maghreb_inspired,False,0,"[""lunch"",""dinner""]",[],"[{""name"":""Poisson au cumin"",""role"":""protein"",""grams"":150,""lookup_terms"":[""cabillaud cuit"",""colin cuit""]},{""name"":""Riz"",""role"":""starch"",""grams"":170,""lookup_terms"":[""riz cuit""]},{""name"":""Carottes"",""role"":""vegetable"",""grams"":180,""lookup_terms"":[""carotte cuite""]}]",citron confit et persil,"[""UNESCO_COUSCOUS"",""OLDWAYS_WORLD"",""CIQUAL""]",tee_curated_whitelist,safe_plate,0.92,Assiette TEE construite sur une matrice culinaire validée; publication seulement après résolution CIQUAL forte de chaque composant.,True,maghreb_inspired|protein:poisson_au_cumin|starch:riz|vegetable:carottes
TEE-MEAL-073,"Œufs, riz et courgettes · inspiration maghrébine",composed_plate,,maghreb_inspired,False,0,"[""lunch"",""dinner""]",[],"[{""name"":""Œufs"",""role"":""protein"",""grams"":120,""lookup_terms"":[""oeuf cuit""]},{""name"":""Riz"",""role"":""starch"",""grams"":170,""lookup_terms"":[""riz cuit""]},{""name"":""Courgettes"",""role"":""vegetable"",""grams"":180,""lookup_terms"":[""courgette cuite""]}]","cumin, citron et coriandre","[""UNESCO_COUSCOUS"",""OLDWAYS_WORLD"",""CIQUAL""]",tee_curated_whitelist,safe_plate,0.92,Assiette TEE construite sur une matrice culinaire validée; publication seulement après résolution CIQUAL forte de chaque composant.,True,maghreb_inspired|protein:ufs|starch:riz|vegetable:courgettes
TEE-MEAL-074,"Pois chiches, riz et aubergines · inspiration maghrébine",composed_plate,,maghreb_inspired,False,0,"[""lunch"",""dinner""]","[""vegetarian""]","[{""name"":""Pois chiches"",""role"":""protein_plant"",""grams"":150,""lookup_terms"":[""pois chiche cuit""]},{""name"":""Riz"",""role"":""starch"",""grams"":170,""lookup_terms"":[""riz cuit""]},{""name"":""Aubergines"",""role"":""vegetable"",""grams"":180,""lookup_terms"":[""aubergine cuite""]}]",ras-el-hanout doux,"[""UNESCO_COUSCOUS"",""OLDWAYS_WORLD"",""CIQUAL""]",tee_curated_whitelist,safe_plate,0.92,Assiette TEE construite sur une matrice culinaire validée; publication seulement après résolution CIQUAL forte de chaque composant.,True,maghreb_inspired|protein_plant:pois_chiches|starch:riz|vegetable:aubergines
TEE-MEAL-075,"Lentilles, riz et poivrons · inspiration maghrébine",composed_plate,,maghreb_inspired,False,0,"[""lunch"",""dinner""]","[""vegetarian""]","[{""name"":""Lentilles"",""role"":""protein_plant"",""grams"":160,""lookup_terms"":[""lentille cuite""]},{""name"":""Riz"",""role"":""starch"",""grams"":170,""lookup_terms"":[""riz cuit""]},{""name"":""Poivrons"",""role"":""vegetable"",""grams"":180,""lookup_terms"":[""poivron cuit""]}]","curcuma, cumin et tomate","[""UNESCO_COUSCOUS"",""OLDWAYS_WORLD"",""CIQUAL""]",tee_curated_whitelist,safe_plate,0.92,Assiette TEE construite sur une matrice culinaire validée; publication seulement après résolution CIQUAL forte de chaque composant.,True,maghreb_inspired|protein_plant:lentilles|starch:riz|vegetable:poivrons
TEE-MEAL-076,"Poulet aux épices douces, pommes de terre et courgettes · inspiration maghrébine",composed_plate,,maghreb_inspired,False,0,"[""lunch"",""dinner""]",[],"[{""name"":""Poulet aux épices douces"",""role"":""protein"",""grams"":140,""lookup_terms"":[""poulet viande cuite""]},{""name"":""Pommes de terre"",""role"":""starch"",""grams"":190,""lookup_terms"":[""pomme de terre cuite""]},{""name"":""Courgettes"",""role"":""vegetable"",""grams"":180,""lookup_terms"":[""courgette cuite""]}]",citron confit et persil,"[""UNESCO_COUSCOUS"",""OLDWAYS_WORLD"",""CIQUAL""]",tee_curated_whitelist,safe_plate,0.92,Assiette TEE construite sur une matrice culinaire validée; publication seulement après résolution CIQUAL forte de chaque composant.,True,maghreb_inspired|protein:poulet_aux_epices_douces|starch:pommes_de_terre|vegetable:courgettes
TEE-MEAL-077,"Poisson au cumin, pommes de terre et aubergines · inspiration maghrébine",composed_plate,,maghreb_inspired,False,0,"[""lunch"",""dinner""]",[],"[{""name"":""Poisson au cumin"",""role"":""protein"",""grams"":150,""lookup_terms"":[""cabillaud cuit"",""colin cuit""]},{""name"":""Pommes de terre"",""role"":""starch"",""grams"":190,""lookup_terms"":[""pomme de terre cuite""]},{""name"":""Aubergines"",""role"":""vegetable"",""grams"":180,""lookup_terms"":[""aubergine cuite""]}]","cumin, citron et coriandre","[""UNESCO_COUSCOUS"",""OLDWAYS_WORLD"",""CIQUAL""]",tee_curated_whitelist,safe_plate,0.92,Assiette TEE construite sur une matrice culinaire validée; publication seulement après résolution CIQUAL forte de chaque composant.,True,maghreb_inspired|protein:poisson_au_cumin|starch:pommes_de_terre|vegetable:aubergines
TEE-MEAL-078,"Œufs, pommes de terre et poivrons · inspiration maghrébine",composed_plate,,maghreb_inspired,False,0,"[""lunch"",""dinner""]",[],"[{""name"":""Œufs"",""role"":""protein"",""grams"":120,""lookup_terms"":[""oeuf cuit""]},{""name"":""Pommes de terre"",""role"":""starch"",""grams"":190,""lookup_terms"":[""pomme de terre cuite""]},{""name"":""Poivrons"",""role"":""vegetable"",""grams"":180,""lookup_terms"":[""poivron cuit""]}]",ras-el-hanout doux,"[""UNESCO_COUSCOUS"",""OLDWAYS_WORLD"",""CIQUAL""]",tee_curated_whitelist,safe_plate,0.92,Assiette TEE construite sur une matrice culinaire validée; publication seulement après résolution CIQUAL forte de chaque composant.,True,maghreb_inspired|protein:ufs|starch:pommes_de_terre|vegetable:poivrons
TEE-MEAL-079,"Pois chiches, pommes de terre et carottes · inspiration maghrébine",composed_plate,,maghreb_inspired,False,0,"[""lunch"",""dinner""]","[""vegetarian""]","[{""name"":""Pois chiches"",""role"":""protein_plant"",""grams"":150,""lookup_terms"":[""pois chiche cuit""]},{""name"":""Pommes de terre"",""role"":""starch"",""grams"":190,""lookup_terms"":[""pomme de terre cuite""]},{""name"":""Carottes"",""role"":""vegetable"",""grams"":180,""lookup_terms"":[""carotte cuite""]}]","curcuma, cumin et tomate","[""UNESCO_COUSCOUS"",""OLDWAYS_WORLD"",""CIQUAL""]",tee_curated_whitelist,safe_plate,0.92,Assiette TEE construite sur une matrice culinaire validée; publication seulement après résolution CIQUAL forte de chaque composant.,True,maghreb_inspired|protein_plant:pois_chiches|starch:pommes_de_terre|vegetable:carottes
TEE-MEAL-080,"Lentilles, pommes de terre et courgettes · inspiration maghrébine",composed_plate,,maghreb_inspired,False,0,"[""lunch"",""dinner""]","[""vegetarian""]","[{""name"":""Lentilles"",""role"":""protein_plant"",""grams"":160,""lookup_terms"":[""lentille cuite""]},{""name"":""Pommes de terre"",""role"":""starch"",""grams"":190,""lookup_terms"":[""pomme de terre cuite""]},{""name"":""Courgettes"",""role"":""vegetable"",""grams"":180,""lookup_terms"":[""courgette cuite""]}]",citron confit et persil,"[""UNESCO_COUSCOUS"",""OLDWAYS_WORLD"",""CIQUAL""]",tee_curated_whitelist,safe_plate,0.92,Assiette TEE construite sur une matrice culinaire validée; publication seulement après résolution CIQUAL forte de chaque composant.,True,maghreb_inspired|protein_plant:lentilles|starch:pommes_de_terre|vegetable:courgettes
TEE-MEAL-081,"Poulet mijoté, riz et gombo · inspiration ouest-africaine",composed_plate,,west_african_inspired,False,0,"[""lunch"",""dinner""]",[],"[{""name"":""Poulet mijoté"",""role"":""protein"",""grams"":140,""lookup_terms"":[""poulet viande cuite""]},{""name"":""Riz"",""role"":""starch"",""grams"":180,""lookup_terms"":[""riz cuit""]},{""name"":""Gombo"",""role"":""vegetable"",""grams"":180,""lookup_terms"":[""gombo cuit""]}]","tomate, oignon et gingembre","[""OLDWAYS_AFRICA"",""PNNS_PLATE"",""CIQUAL""]",tee_curated_whitelist,safe_plate,0.92,Assiette TEE construite sur une matrice culinaire validée; publication seulement après résolution CIQUAL forte de chaque composant.,True,west_african_inspired|protein:poulet_mijote|starch:riz|vegetable:gombo
TEE-MEAL-082,"Poisson grillé, riz et épinards · inspiration ouest-africaine",composed_plate,,west_african_inspired,False,0,"[""lunch"",""dinner""]",[],"[{""name"":""Poisson grillé"",""role"":""protein"",""grams"":150,""lookup_terms"":[""poisson cuit"",""cabillaud cuit""]},{""name"":""Riz"",""role"":""starch"",""grams"":180,""lookup_terms"":[""riz cuit""]},{""name"":""Épinards"",""role"":""vegetable"",""grams"":180,""lookup_terms"":[""épinard cuit""]}]","gingembre, ail et piment doux","[""OLDWAYS_AFRICA"",""PNNS_PLATE"",""CIQUAL""]",tee_curated_whitelist,safe_plate,0.92,Assiette TEE construite sur une matrice culinaire validée; publication seulement après résolution CIQUAL forte de chaque composant.,True,west_african_inspired|protein:poisson_grille|starch:riz|vegetable:epinards
TEE-MEAL-083,"Œufs, riz et tomates · inspiration ouest-africaine",composed_plate,,west_african_inspired,False,0,"[""lunch"",""dinner""]",[],"[{""name"":""Œufs"",""role"":""protein"",""grams"":120,""lookup_terms"":[""oeuf cuit""]},{""name"":""Riz"",""role"":""starch"",""grams"":180,""lookup_terms"":[""riz cuit""]},{""name"":""Tomates"",""role"":""vegetable"",""grams"":180,""lookup_terms"":[""tomate cuite""]}]",tomate et herbes,"[""OLDWAYS_AFRICA"",""PNNS_PLATE"",""CIQUAL""]",tee_curated_whitelist,safe_plate,0.92,Assiette TEE construite sur une matrice culinaire validée; publication seulement après résolution CIQUAL forte de chaque composant.,True,west_african_inspired|protein:ufs|starch:riz|vegetable:tomates
TEE-MEAL-084,"Haricots cornille, riz et chou · inspiration ouest-africaine",composed_plate,,west_african_inspired,False,0,"[""lunch"",""dinner""]","[""vegetarian""]","[{""name"":""Haricots cornille"",""role"":""protein_plant"",""grams"":160,""lookup_terms"":[""haricot cornille cuit"",""niébé cuit""]},{""name"":""Riz"",""role"":""starch"",""grams"":180,""lookup_terms"":[""riz cuit""]},{""name"":""Chou"",""role"":""vegetable"",""grams"":180,""lookup_terms"":[""chou cuit""]}]","citron, oignon et persil","[""OLDWAYS_AFRICA"",""PNNS_PLATE"",""CIQUAL""]",tee_curated_whitelist,safe_plate,0.92,Assiette TEE construite sur une matrice culinaire validée; publication seulement après résolution CIQUAL forte de chaque composant.,True,west_african_inspired|protein_plant:haricots_cornille|starch:riz|vegetable:chou
TEE-MEAL-085,"Lentilles, riz et gombo · inspiration ouest-africaine",composed_plate,,west_african_inspired,False,0,"[""lunch"",""dinner""]","[""vegetarian""]","[{""name"":""Lentilles"",""role"":""protein_plant"",""grams"":160,""lookup_terms"":[""lentille cuite""]},{""name"":""Riz"",""role"":""starch"",""grams"":180,""lookup_terms"":[""riz cuit""]},{""name"":""Gombo"",""role"":""vegetable"",""grams"":180,""lookup_terms"":[""gombo cuit""]}]","tomate, oignon et gingembre","[""OLDWAYS_AFRICA"",""PNNS_PLATE"",""CIQUAL""]",tee_curated_whitelist,safe_plate,0.92,Assiette TEE construite sur une matrice culinaire validée; publication seulement après résolution CIQUAL forte de chaque composant.,True,west_african_inspired|protein_plant:lentilles|starch:riz|vegetable:gombo
TEE-MEAL-086,"Poulet mijoté, plantain rôti et tomates · inspiration ouest-africaine",composed_plate,,west_african_inspired,False,0,"[""lunch"",""dinner""]",[],"[{""name"":""Poulet mijoté"",""role"":""protein"",""grams"":140,""lookup_terms"":[""poulet viande cuite""]},{""name"":""Plantain rôti"",""role"":""starch"",""grams"":180,""lookup_terms"":[""banane plantain cuite""]},{""name"":""Tomates"",""role"":""vegetable"",""grams"":180,""lookup_terms"":[""tomate cuite""]}]","gingembre, ail et piment doux","[""OLDWAYS_AFRICA"",""PNNS_PLATE"",""CIQUAL""]",tee_curated_whitelist,safe_plate,0.92,Assiette TEE construite sur une matrice culinaire validée; publication seulement après résolution CIQUAL forte de chaque composant.,True,west_african_inspired|protein:poulet_mijote|starch:plantain_roti|vegetable:tomates
TEE-MEAL-087,"Poisson grillé, plantain rôti et chou · inspiration ouest-africaine",composed_plate,,west_african_inspired,False,0,"[""lunch"",""dinner""]",[],"[{""name"":""Poisson grillé"",""role"":""protein"",""grams"":150,""lookup_terms"":[""poisson cuit"",""cabillaud cuit""]},{""name"":""Plantain rôti"",""role"":""starch"",""grams"":180,""lookup_terms"":[""banane plantain cuite""]},{""name"":""Chou"",""role"":""vegetable"",""grams"":180,""lookup_terms"":[""chou cuit""]}]",tomate et herbes,"[""OLDWAYS_AFRICA"",""PNNS_PLATE"",""CIQUAL""]",tee_curated_whitelist,safe_plate,0.92,Assiette TEE construite sur une matrice culinaire validée; publication seulement après résolution CIQUAL forte de chaque composant.,True,west_african_inspired|protein:poisson_grille|starch:plantain_roti|vegetable:chou
TEE-MEAL-088,"Œufs, plantain rôti et gombo · inspiration ouest-africaine",composed_plate,,west_african_inspired,False,0,"[""lunch"",""dinner""]",[],"[{""name"":""Œufs"",""role"":""protein"",""grams"":120,""lookup_terms"":[""oeuf cuit""]},{""name"":""Plantain rôti"",""role"":""starch"",""grams"":180,""lookup_terms"":[""banane plantain cuite""]},{""name"":""Gombo"",""role"":""vegetable"",""grams"":180,""lookup_terms"":[""gombo cuit""]}]","citron, oignon et persil","[""OLDWAYS_AFRICA"",""PNNS_PLATE"",""CIQUAL""]",tee_curated_whitelist,safe_plate,0.92,Assiette TEE construite sur une matrice culinaire validée; publication seulement après résolution CIQUAL forte de chaque composant.,True,west_african_inspired|protein:ufs|starch:plantain_roti|vegetable:gombo
TEE-MEAL-089,"Haricots cornille, plantain rôti et épinards · inspiration ouest-africaine",composed_plate,,west_african_inspired,False,0,"[""lunch"",""dinner""]","[""vegetarian""]","[{""name"":""Haricots cornille"",""role"":""protein_plant"",""grams"":160,""lookup_terms"":[""haricot cornille cuit"",""niébé cuit""]},{""name"":""Plantain rôti"",""role"":""starch"",""grams"":180,""lookup_terms"":[""banane plantain cuite""]},{""name"":""Épinards"",""role"":""vegetable"",""grams"":180,""lookup_terms"":[""épinard cuit""]}]","tomate, oignon et gingembre","[""OLDWAYS_AFRICA"",""PNNS_PLATE"",""CIQUAL""]",tee_curated_whitelist,safe_plate,0.92,Assiette TEE construite sur une matrice culinaire validée; publication seulement après résolution CIQUAL forte de chaque composant.,True,west_african_inspired|protein_plant:haricots_cornille|starch:plantain_roti|vegetable:epinards
TEE-MEAL-090,"Lentilles, plantain rôti et tomates · inspiration ouest-africaine",composed_plate,,west_african_inspired,False,0,"[""lunch"",""dinner""]","[""vegetarian""]","[{""name"":""Lentilles"",""role"":""protein_plant"",""grams"":160,""lookup_terms"":[""lentille cuite""]},{""name"":""Plantain rôti"",""role"":""starch"",""grams"":180,""lookup_terms"":[""banane plantain cuite""]},{""name"":""Tomates"",""role"":""vegetable"",""grams"":180,""lookup_terms"":[""tomate cuite""]}]","gingembre, ail et piment doux","[""OLDWAYS_AFRICA"",""PNNS_PLATE"",""CIQUAL""]",tee_curated_whitelist,safe_plate,0.92,Assiette TEE construite sur une matrice culinaire validée; publication seulement après résolution CIQUAL forte de chaque composant.,True,west_african_inspired|protein_plant:lentilles|starch:plantain_roti|vegetable:tomates
TEE-MEAL-091,"Poulet mijoté, manioc et gombo · inspiration ouest-africaine",composed_plate,,west_african_inspired,False,0,"[""lunch"",""dinner""]",[],"[{""name"":""Poulet mijoté"",""role"":""protein"",""grams"":140,""lookup_terms"":[""poulet viande cuite""]},{""name"":""Manioc"",""role"":""starch"",""grams"":180,""lookup_terms"":[""manioc cuit""]},{""name"":""Gombo"",""role"":""vegetable"",""grams"":180,""lookup_terms"":[""gombo cuit""]}]",tomate et herbes,"[""OLDWAYS_AFRICA"",""PNNS_PLATE"",""CIQUAL""]",tee_curated_whitelist,safe_plate,0.92,Assiette TEE construite sur une matrice culinaire validée; publication seulement après résolution CIQUAL forte de chaque composant.,True,west_african_inspired|protein:poulet_mijote|starch:manioc|vegetable:gombo
TEE-MEAL-092,"Poisson grillé, manioc et épinards · inspiration ouest-africaine",composed_plate,,west_african_inspired,False,0,"[""lunch"",""dinner""]",[],"[{""name"":""Poisson grillé"",""role"":""protein"",""grams"":150,""lookup_terms"":[""poisson cuit"",""cabillaud cuit""]},{""name"":""Manioc"",""role"":""starch"",""grams"":180,""lookup_terms"":[""manioc cuit""]},{""name"":""Épinards"",""role"":""vegetable"",""grams"":180,""lookup_terms"":[""épinard cuit""]}]","citron, oignon et persil","[""OLDWAYS_AFRICA"",""PNNS_PLATE"",""CIQUAL""]",tee_curated_whitelist,safe_plate,0.92,Assiette TEE construite sur une matrice culinaire validée; publication seulement après résolution CIQUAL forte de chaque composant.,True,west_african_inspired|protein:poisson_grille|starch:manioc|vegetable:epinards
TEE-MEAL-093,"Œufs, manioc et tomates · inspiration ouest-africaine",composed_plate,,west_african_inspired,False,0,"[""lunch"",""dinner""]",[],"[{""name"":""Œufs"",""role"":""protein"",""grams"":120,""lookup_terms"":[""oeuf cuit""]},{""name"":""Manioc"",""role"":""starch"",""grams"":180,""lookup_terms"":[""manioc cuit""]},{""name"":""Tomates"",""role"":""vegetable"",""grams"":180,""lookup_terms"":[""tomate cuite""]}]","tomate, oignon et gingembre","[""OLDWAYS_AFRICA"",""PNNS_PLATE"",""CIQUAL""]",tee_curated_whitelist,safe_plate,0.92,Assiette TEE construite sur une matrice culinaire validée; publication seulement après résolution CIQUAL forte de chaque composant.,True,west_african_inspired|protein:ufs|starch:manioc|vegetable:tomates
TEE-MEAL-094,"Haricots cornille, manioc et chou · inspiration ouest-africaine",composed_plate,,west_african_inspired,False,0,"[""lunch"",""dinner""]","[""vegetarian""]","[{""name"":""Haricots cornille"",""role"":""protein_plant"",""grams"":160,""lookup_terms"":[""haricot cornille cuit"",""niébé cuit""]},{""name"":""Manioc"",""role"":""starch"",""grams"":180,""lookup_terms"":[""manioc cuit""]},{""name"":""Chou"",""role"":""vegetable"",""grams"":180,""lookup_terms"":[""chou cuit""]}]","gingembre, ail et piment doux","[""OLDWAYS_AFRICA"",""PNNS_PLATE"",""CIQUAL""]",tee_curated_whitelist,safe_plate,0.92,Assiette TEE construite sur une matrice culinaire validée; publication seulement après résolution CIQUAL forte de chaque composant.,True,west_african_inspired|protein_plant:haricots_cornille|starch:manioc|vegetable:chou
TEE-MEAL-095,"Lentilles, manioc et gombo · inspiration ouest-africaine",composed_plate,,west_african_inspired,False,0,"[""lunch"",""dinner""]","[""vegetarian""]","[{""name"":""Lentilles"",""role"":""protein_plant"",""grams"":160,""lookup_terms"":[""lentille cuite""]},{""name"":""Manioc"",""role"":""starch"",""grams"":180,""lookup_terms"":[""manioc cuit""]},{""name"":""Gombo"",""role"":""vegetable"",""grams"":180,""lookup_terms"":[""gombo cuit""]}]",tomate et herbes,"[""OLDWAYS_AFRICA"",""PNNS_PLATE"",""CIQUAL""]",tee_curated_whitelist,safe_plate,0.92,Assiette TEE construite sur une matrice culinaire validée; publication seulement après résolution CIQUAL forte de chaque composant.,True,west_african_inspired|protein_plant:lentilles|starch:manioc|vegetable:gombo
TEE-MEAL-096,"Poulet mijoté, millet et tomates · inspiration ouest-africaine",composed_plate,,west_african_inspired,False,0,"[""lunch"",""dinner""]",[],"[{""name"":""Poulet mijoté"",""role"":""protein"",""grams"":140,""lookup_terms"":[""poulet viande cuite""]},{""name"":""Millet"",""role"":""starch"",""grams"":180,""lookup_terms"":[""millet cuit""]},{""name"":""Tomates"",""role"":""vegetable"",""grams"":180,""lookup_terms"":[""tomate cuite""]}]","citron, oignon et persil","[""OLDWAYS_AFRICA"",""PNNS_PLATE"",""CIQUAL""]",tee_curated_whitelist,safe_plate,0.92,Assiette TEE construite sur une matrice culinaire validée; publication seulement après résolution CIQUAL forte de chaque composant.,True,west_african_inspired|protein:poulet_mijote|starch:millet|vegetable:tomates
TEE-MEAL-097,"Poisson grillé, millet et chou · inspiration ouest-africaine",composed_plate,,west_african_inspired,False,0,"[""lunch"",""dinner""]",[],"[{""name"":""Poisson grillé"",""role"":""protein"",""grams"":150,""lookup_terms"":[""poisson cuit"",""cabillaud cuit""]},{""name"":""Millet"",""role"":""starch"",""grams"":180,""lookup_terms"":[""millet cuit""]},{""name"":""Chou"",""role"":""vegetable"",""grams"":180,""lookup_terms"":[""chou cuit""]}]","tomate, oignon et gingembre","[""OLDWAYS_AFRICA"",""PNNS_PLATE"",""CIQUAL""]",tee_curated_whitelist,safe_plate,0.92,Assiette TEE construite sur une matrice culinaire validée; publication seulement après résolution CIQUAL forte de chaque composant.,True,west_african_inspired|protein:poisson_grille|starch:millet|vegetable:chou
TEE-MEAL-098,"Œufs, millet et gombo · inspiration ouest-africaine",composed_plate,,west_african_inspired,False,0,"[""lunch"",""dinner""]",[],"[{""name"":""Œufs"",""role"":""protein"",""grams"":120,""lookup_terms"":[""oeuf cuit""]},{""name"":""Millet"",""role"":""starch"",""grams"":180,""lookup_terms"":[""millet cuit""]},{""name"":""Gombo"",""role"":""vegetable"",""grams"":180,""lookup_terms"":[""gombo cuit""]}]","gingembre, ail et piment doux","[""OLDWAYS_AFRICA"",""PNNS_PLATE"",""CIQUAL""]",tee_curated_whitelist,safe_plate,0.92,Assiette TEE construite sur une matrice culinaire validée; publication seulement après résolution CIQUAL forte de chaque composant.,True,west_african_inspired|protein:ufs|starch:millet|vegetable:gombo
TEE-MEAL-099,"Haricots cornille, millet et épinards · inspiration ouest-africaine",composed_plate,,west_african_inspired,False,0,"[""lunch"",""dinner""]","[""vegetarian""]","[{""name"":""Haricots cornille"",""role"":""protein_plant"",""grams"":160,""lookup_terms"":[""haricot cornille cuit"",""niébé cuit""]},{""name"":""Millet"",""role"":""starch"",""grams"":180,""lookup_terms"":[""millet cuit""]},{""name"":""Épinards"",""role"":""vegetable"",""grams"":180,""lookup_terms"":[""épinard cuit""]}]",tomate et herbes,"[""OLDWAYS_AFRICA"",""PNNS_PLATE"",""CIQUAL""]",tee_curated_whitelist,safe_plate,0.92,Assiette TEE construite sur une matrice culinaire validée; publication seulement après résolution CIQUAL forte de chaque composant.,True,west_african_inspired|protein_plant:haricots_cornille|starch:millet|vegetable:epinards
TEE-MEAL-100,"Lentilles, millet et tomates · inspiration ouest-africaine",composed_plate,,west_african_inspired,False,0,"[""lunch"",""dinner""]","[""vegetarian""]","[{""name"":""Lentilles"",""role"":""protein_plant"",""grams"":160,""lookup_terms"":[""lentille cuite""]},{""name"":""Millet"",""role"":""starch"",""grams"":180,""lookup_terms"":[""millet cuit""]},{""name"":""Tomates"",""role"":""vegetable"",""grams"":180,""lookup_terms"":[""tomate cuite""]}]","citron, oignon et persil","[""OLDWAYS_AFRICA"",""PNNS_PLATE"",""CIQUAL""]",tee_curated_whitelist,safe_plate,0.92,Assiette TEE construite sur une matrice culinaire validée; publication seulement après résolution CIQUAL forte de chaque composant.,True,west_african_inspired|protein_plant:lentilles|starch:millet|vegetable:tomates
TEE-MEAL-101,"Poulet au thym, riz et chou · inspiration caribéenne",composed_plate,,caribbean_inspired,False,0,"[""lunch"",""dinner""]",[],"[{""name"":""Poulet au thym"",""role"":""protein"",""grams"":140,""lookup_terms"":[""poulet viande cuite""]},{""name"":""Riz"",""role"":""starch"",""grams"":180,""lookup_terms"":[""riz cuit""]},{""name"":""Chou"",""role"":""vegetable"",""grams"":180,""lookup_terms"":[""chou cuit""]}]","citron vert, thym et ail","[""OLDWAYS_AFRICA"",""OLDWAYS_LATIN"",""CIQUAL""]",tee_curated_whitelist,safe_plate,0.92,Assiette TEE construite sur une matrice culinaire validée; publication seulement après résolution CIQUAL forte de chaque composant.,True,caribbean_inspired|protein:poulet_au_thym|starch:riz|vegetable:chou
TEE-MEAL-102,"Cabillaud citron vert, riz et gombo · inspiration caribéenne",composed_plate,,caribbean_inspired,False,0,"[""lunch"",""dinner""]",[],"[{""name"":""Cabillaud citron vert"",""role"":""protein"",""grams"":150,""lookup_terms"":[""cabillaud cuit""]},{""name"":""Riz"",""role"":""starch"",""grams"":180,""lookup_terms"":[""riz cuit""]},{""name"":""Gombo"",""role"":""vegetable"",""grams"":180,""lookup_terms"":[""gombo cuit""]}]",gingembre et piment doux,"[""OLDWAYS_AFRICA"",""OLDWAYS_LATIN"",""CIQUAL""]",tee_curated_whitelist,safe_plate,0.92,Assiette TEE construite sur une matrice culinaire validée; publication seulement après résolution CIQUAL forte de chaque composant.,True,caribbean_inspired|protein:cabillaud_citron_vert|starch:riz|vegetable:gombo
TEE-MEAL-103,"Crevettes, riz et tomates · inspiration caribéenne",composed_plate,,caribbean_inspired,False,0,"[""lunch"",""dinner""]",[],"[{""name"":""Crevettes"",""role"":""protein"",""grams"":140,""lookup_terms"":[""crevette cuite""]},{""name"":""Riz"",""role"":""starch"",""grams"":180,""lookup_terms"":[""riz cuit""]},{""name"":""Tomates"",""role"":""vegetable"",""grams"":180,""lookup_terms"":[""tomate cuite""]}]","tomate, citron vert et coriandre","[""OLDWAYS_AFRICA"",""OLDWAYS_LATIN"",""CIQUAL""]",tee_curated_whitelist,safe_plate,0.92,Assiette TEE construite sur une matrice culinaire validée; publication seulement après résolution CIQUAL forte de chaque composant.,True,caribbean_inspired|protein:crevettes|starch:riz|vegetable:tomates
TEE-MEAL-104,"Haricots rouges, riz et poivrons · inspiration caribéenne",composed_plate,,caribbean_inspired,False,0,"[""lunch"",""dinner""]","[""vegetarian""]","[{""name"":""Haricots rouges"",""role"":""protein_plant"",""grams"":160,""lookup_terms"":[""haricot rouge cuit""]},{""name"":""Riz"",""role"":""starch"",""grams"":180,""lookup_terms"":[""riz cuit""]},{""name"":""Poivrons"",""role"":""vegetable"",""grams"":180,""lookup_terms"":[""poivron cuit""]}]","thym, oignon et poivre","[""OLDWAYS_AFRICA"",""OLDWAYS_LATIN"",""CIQUAL""]",tee_curated_whitelist,safe_plate,0.92,Assiette TEE construite sur une matrice culinaire validée; publication seulement après résolution CIQUAL forte de chaque composant.,True,caribbean_inspired|protein_plant:haricots_rouges|starch:riz|vegetable:poivrons
TEE-MEAL-105,"Œufs, riz et chou · inspiration caribéenne",composed_plate,,caribbean_inspired,False,0,"[""lunch"",""dinner""]",[],"[{""name"":""Œufs"",""role"":""protein"",""grams"":120,""lookup_terms"":[""oeuf cuit""]},{""name"":""Riz"",""role"":""starch"",""grams"":180,""lookup_terms"":[""riz cuit""]},{""name"":""Chou"",""role"":""vegetable"",""grams"":180,""lookup_terms"":[""chou cuit""]}]","citron vert, thym et ail","[""OLDWAYS_AFRICA"",""OLDWAYS_LATIN"",""CIQUAL""]",tee_curated_whitelist,safe_plate,0.92,Assiette TEE construite sur une matrice culinaire validée; publication seulement après résolution CIQUAL forte de chaque composant.,True,caribbean_inspired|protein:ufs|starch:riz|vegetable:chou
TEE-MEAL-106,"Poulet au thym, plantain rôti et tomates · inspiration caribéenne",composed_plate,,caribbean_inspired,False,0,"[""lunch"",""dinner""]",[],"[{""name"":""Poulet au thym"",""role"":""protein"",""grams"":140,""lookup_terms"":[""poulet viande cuite""]},{""name"":""Plantain rôti"",""role"":""starch"",""grams"":180,""lookup_terms"":[""banane plantain cuite""]},{""name"":""Tomates"",""role"":""vegetable"",""grams"":180,""lookup_terms"":[""tomate cuite""]}]",gingembre et piment doux,"[""OLDWAYS_AFRICA"",""OLDWAYS_LATIN"",""CIQUAL""]",tee_curated_whitelist,safe_plate,0.92,Assiette TEE construite sur une matrice culinaire validée; publication seulement après résolution CIQUAL forte de chaque composant.,True,caribbean_inspired|protein:poulet_au_thym|starch:plantain_roti|vegetable:tomates
TEE-MEAL-107,"Cabillaud citron vert, plantain rôti et poivrons · inspiration caribéenne",composed_plate,,caribbean_inspired,False,0,"[""lunch"",""dinner""]",[],"[{""name"":""Cabillaud citron vert"",""role"":""protein"",""grams"":150,""lookup_terms"":[""cabillaud cuit""]},{""name"":""Plantain rôti"",""role"":""starch"",""grams"":180,""lookup_terms"":[""banane plantain cuite""]},{""name"":""Poivrons"",""role"":""vegetable"",""grams"":180,""lookup_terms"":[""poivron cuit""]}]","tomate, citron vert et coriandre","[""OLDWAYS_AFRICA"",""OLDWAYS_LATIN"",""CIQUAL""]",tee_curated_whitelist,safe_plate,0.92,Assiette TEE construite sur une matrice culinaire validée; publication seulement après résolution CIQUAL forte de chaque composant.,True,caribbean_inspired|protein:cabillaud_citron_vert|starch:plantain_roti|vegetable:poivrons
TEE-MEAL-108,"Crevettes, plantain rôti et chou · inspiration caribéenne",composed_plate,,caribbean_inspired,False,0,"[""lunch"",""dinner""]",[],"[{""name"":""Crevettes"",""role"":""protein"",""grams"":140,""lookup_terms"":[""crevette cuite""]},{""name"":""Plantain rôti"",""role"":""starch"",""grams"":180,""lookup_terms"":[""banane plantain cuite""]},{""name"":""Chou"",""role"":""vegetable"",""grams"":180,""lookup_terms"":[""chou cuit""]}]","thym, oignon et poivre","[""OLDWAYS_AFRICA"",""OLDWAYS_LATIN"",""CIQUAL""]",tee_curated_whitelist,safe_plate,0.92,Assiette TEE construite sur une matrice culinaire validée; publication seulement après résolution CIQUAL forte de chaque composant.,True,caribbean_inspired|protein:crevettes|starch:plantain_roti|vegetable:chou
TEE-MEAL-109,"Haricots rouges, plantain rôti et gombo · inspiration caribéenne",composed_plate,,caribbean_inspired,False,0,"[""lunch"",""dinner""]","[""vegetarian""]","[{""name"":""Haricots rouges"",""role"":""protein_plant"",""grams"":160,""lookup_terms"":[""haricot rouge cuit""]},{""name"":""Plantain rôti"",""role"":""starch"",""grams"":180,""lookup_terms"":[""banane plantain cuite""]},{""name"":""Gombo"",""role"":""vegetable"",""grams"":180,""lookup_terms"":[""gombo cuit""]}]","citron vert, thym et ail","[""OLDWAYS_AFRICA"",""OLDWAYS_LATIN"",""CIQUAL""]",tee_curated_whitelist,safe_plate,0.92,Assiette TEE construite sur une matrice culinaire validée; publication seulement après résolution CIQUAL forte de chaque composant.,True,caribbean_inspired|protein_plant:haricots_rouges|starch:plantain_roti|vegetable:gombo
TEE-MEAL-110,"Œufs, plantain rôti et tomates · inspiration caribéenne",composed_plate,,caribbean_inspired,False,0,"[""lunch"",""dinner""]",[],"[{""name"":""Œufs"",""role"":""protein"",""grams"":120,""lookup_terms"":[""oeuf cuit""]},{""name"":""Plantain rôti"",""role"":""starch"",""grams"":180,""lookup_terms"":[""banane plantain cuite""]},{""name"":""Tomates"",""role"":""vegetable"",""grams"":180,""lookup_terms"":[""tomate cuite""]}]",gingembre et piment doux,"[""OLDWAYS_AFRICA"",""OLDWAYS_LATIN"",""CIQUAL""]",tee_curated_whitelist,safe_plate,0.92,Assiette TEE construite sur une matrice culinaire validée; publication seulement après résolution CIQUAL forte de chaque composant.,True,caribbean_inspired|protein:ufs|starch:plantain_roti|vegetable:tomates
TEE-MEAL-111,"Poulet au thym, patate douce et chou · inspiration caribéenne",composed_plate,,caribbean_inspired,False,0,"[""lunch"",""dinner""]",[],"[{""name"":""Poulet au thym"",""role"":""protein"",""grams"":140,""lookup_terms"":[""poulet viande cuite""]},{""name"":""Patate douce"",""role"":""starch"",""grams"":190,""lookup_terms"":[""patate douce cuite""]},{""name"":""Chou"",""role"":""vegetable"",""grams"":180,""lookup_terms"":[""chou cuit""]}]","tomate, citron vert et coriandre","[""OLDWAYS_AFRICA"",""OLDWAYS_LATIN"",""CIQUAL""]",tee_curated_whitelist,safe_plate,0.92,Assiette TEE construite sur une matrice culinaire validée; publication seulement après résolution CIQUAL forte de chaque composant.,True,caribbean_inspired|protein:poulet_au_thym|starch:patate_douce|vegetable:chou
TEE-MEAL-112,"Cabillaud citron vert, patate douce et gombo · inspiration caribéenne",composed_plate,,caribbean_inspired,False,0,"[""lunch"",""dinner""]",[],"[{""name"":""Cabillaud citron vert"",""role"":""protein"",""grams"":150,""lookup_terms"":[""cabillaud cuit""]},{""name"":""Patate douce"",""role"":""starch"",""grams"":190,""lookup_terms"":[""patate douce cuite""]},{""name"":""Gombo"",""role"":""vegetable"",""grams"":180,""lookup_terms"":[""gombo cuit""]}]","thym, oignon et poivre","[""OLDWAYS_AFRICA"",""OLDWAYS_LATIN"",""CIQUAL""]",tee_curated_whitelist,safe_plate,0.92,Assiette TEE construite sur une matrice culinaire validée; publication seulement après résolution CIQUAL forte de chaque composant.,True,caribbean_inspired|protein:cabillaud_citron_vert|starch:patate_douce|vegetable:gombo
TEE-MEAL-113,"Crevettes, patate douce et tomates · inspiration caribéenne",composed_plate,,caribbean_inspired,False,0,"[""lunch"",""dinner""]",[],"[{""name"":""Crevettes"",""role"":""protein"",""grams"":140,""lookup_terms"":[""crevette cuite""]},{""name"":""Patate douce"",""role"":""starch"",""grams"":190,""lookup_terms"":[""patate douce cuite""]},{""name"":""Tomates"",""role"":""vegetable"",""grams"":180,""lookup_terms"":[""tomate cuite""]}]","citron vert, thym et ail","[""OLDWAYS_AFRICA"",""OLDWAYS_LATIN"",""CIQUAL""]",tee_curated_whitelist,safe_plate,0.92,Assiette TEE construite sur une matrice culinaire validée; publication seulement après résolution CIQUAL forte de chaque composant.,True,caribbean_inspired|protein:crevettes|starch:patate_douce|vegetable:tomates
TEE-MEAL-114,"Haricots rouges, patate douce et poivrons · inspiration caribéenne",composed_plate,,caribbean_inspired,False,0,"[""lunch"",""dinner""]","[""vegetarian""]","[{""name"":""Haricots rouges"",""role"":""protein_plant"",""grams"":160,""lookup_terms"":[""haricot rouge cuit""]},{""name"":""Patate douce"",""role"":""starch"",""grams"":190,""lookup_terms"":[""patate douce cuite""]},{""name"":""Poivrons"",""role"":""vegetable"",""grams"":180,""lookup_terms"":[""poivron cuit""]}]",gingembre et piment doux,"[""OLDWAYS_AFRICA"",""OLDWAYS_LATIN"",""CIQUAL""]",tee_curated_whitelist,safe_plate,0.92,Assiette TEE construite sur une matrice culinaire validée; publication seulement après résolution CIQUAL forte de chaque composant.,True,caribbean_inspired|protein_plant:haricots_rouges|starch:patate_douce|vegetable:poivrons
TEE-MEAL-115,"Œufs, patate douce et chou · inspiration caribéenne",composed_plate,,caribbean_inspired,False,0,"[""lunch"",""dinner""]",[],"[{""name"":""Œufs"",""role"":""protein"",""grams"":120,""lookup_terms"":[""oeuf cuit""]},{""name"":""Patate douce"",""role"":""starch"",""grams"":190,""lookup_terms"":[""patate douce cuite""]},{""name"":""Chou"",""role"":""vegetable"",""grams"":180,""lookup_terms"":[""chou cuit""]}]","tomate, citron vert et coriandre","[""OLDWAYS_AFRICA"",""OLDWAYS_LATIN"",""CIQUAL""]",tee_curated_whitelist,safe_plate,0.92,Assiette TEE construite sur une matrice culinaire validée; publication seulement après résolution CIQUAL forte de chaque composant.,True,caribbean_inspired|protein:ufs|starch:patate_douce|vegetable:chou
TEE-MEAL-116,"Poulet au thym, manioc et tomates · inspiration caribéenne",composed_plate,,caribbean_inspired,False,0,"[""lunch"",""dinner""]",[],"[{""name"":""Poulet au thym"",""role"":""protein"",""grams"":140,""lookup_terms"":[""poulet viande cuite""]},{""name"":""Manioc"",""role"":""starch"",""grams"":180,""lookup_terms"":[""manioc cuit""]},{""name"":""Tomates"",""role"":""vegetable"",""grams"":180,""lookup_terms"":[""tomate cuite""]}]","thym, oignon et poivre","[""OLDWAYS_AFRICA"",""OLDWAYS_LATIN"",""CIQUAL""]",tee_curated_whitelist,safe_plate,0.92,Assiette TEE construite sur une matrice culinaire validée; publication seulement après résolution CIQUAL forte de chaque composant.,True,caribbean_inspired|protein:poulet_au_thym|starch:manioc|vegetable:tomates
TEE-MEAL-117,"Cabillaud citron vert, manioc et poivrons · inspiration caribéenne",composed_plate,,caribbean_inspired,False,0,"[""lunch"",""dinner""]",[],"[{""name"":""Cabillaud citron vert"",""role"":""protein"",""grams"":150,""lookup_terms"":[""cabillaud cuit""]},{""name"":""Manioc"",""role"":""starch"",""grams"":180,""lookup_terms"":[""manioc cuit""]},{""name"":""Poivrons"",""role"":""vegetable"",""grams"":180,""lookup_terms"":[""poivron cuit""]}]","citron vert, thym et ail","[""OLDWAYS_AFRICA"",""OLDWAYS_LATIN"",""CIQUAL""]",tee_curated_whitelist,safe_plate,0.92,Assiette TEE construite sur une matrice culinaire validée; publication seulement après résolution CIQUAL forte de chaque composant.,True,caribbean_inspired|protein:cabillaud_citron_vert|starch:manioc|vegetable:poivrons
TEE-MEAL-118,"Crevettes, manioc et chou · inspiration caribéenne",composed_plate,,caribbean_inspired,False,0,"[""lunch"",""dinner""]",[],"[{""name"":""Crevettes"",""role"":""protein"",""grams"":140,""lookup_terms"":[""crevette cuite""]},{""name"":""Manioc"",""role"":""starch"",""grams"":180,""lookup_terms"":[""manioc cuit""]},{""name"":""Chou"",""role"":""vegetable"",""grams"":180,""lookup_terms"":[""chou cuit""]}]",gingembre et piment doux,"[""OLDWAYS_AFRICA"",""OLDWAYS_LATIN"",""CIQUAL""]",tee_curated_whitelist,safe_plate,0.92,Assiette TEE construite sur une matrice culinaire validée; publication seulement après résolution CIQUAL forte de chaque composant.,True,caribbean_inspired|protein:crevettes|starch:manioc|vegetable:chou
TEE-MEAL-119,"Haricots rouges, manioc et gombo · inspiration caribéenne",composed_plate,,caribbean_inspired,False,0,"[""lunch"",""dinner""]","[""vegetarian""]","[{""name"":""Haricots rouges"",""role"":""protein_plant"",""grams"":160,""lookup_terms"":[""haricot rouge cuit""]},{""name"":""Manioc"",""role"":""starch"",""grams"":180,""lookup_terms"":[""manioc cuit""]},{""name"":""Gombo"",""role"":""vegetable"",""grams"":180,""lookup_terms"":[""gombo cuit""]}]","tomate, citron vert et coriandre","[""OLDWAYS_AFRICA"",""OLDWAYS_LATIN"",""CIQUAL""]",tee_curated_whitelist,safe_plate,0.92,Assiette TEE construite sur une matrice culinaire validée; publication seulement après résolution CIQUAL forte de chaque composant.,True,caribbean_inspired|protein_plant:haricots_rouges|starch:manioc|vegetable:gombo
TEE-MEAL-120,"Œufs, manioc et tomates · inspiration caribéenne",composed_plate,,caribbean_inspired,False,0,"[""lunch"",""dinner""]",[],"[{""name"":""Œufs"",""role"":""protein"",""grams"":120,""lookup_terms"":[""oeuf cuit""]},{""name"":""Manioc"",""role"":""starch"",""grams"":180,""lookup_terms"":[""manioc cuit""]},{""name"":""Tomates"",""role"":""vegetable"",""grams"":180,""lookup_terms"":[""tomate cuite""]}]","thym, oignon et poivre","[""OLDWAYS_AFRICA"",""OLDWAYS_LATIN"",""CIQUAL""]",tee_curated_whitelist,safe_plate,0.92,Assiette TEE construite sur une matrice culinaire validée; publication seulement après résolution CIQUAL forte de chaque composant.,True,caribbean_inspired|protein:ufs|starch:manioc|vegetable:tomates
TEE-MEAL-121,"Poulet grillé, riz et chou · inspiration latine",composed_plate,,latin_inspired,False,0,"[""lunch"",""dinner""]",[],"[{""name"":""Poulet grillé"",""role"":""protein"",""grams"":140,""lookup_terms"":[""poulet viande cuite""]},{""name"":""Riz"",""role"":""starch"",""grams"":180,""lookup_terms"":[""riz cuit""]},{""name"":""Chou"",""role"":""vegetable"",""grams"":180,""lookup_terms"":[""chou cuit""]}]",citron vert et coriandre,"[""OLDWAYS_LATIN"",""PNNS_PLATE"",""CIQUAL""]",tee_curated_whitelist,safe_plate,0.92,Assiette TEE construite sur une matrice culinaire validée; publication seulement après résolution CIQUAL forte de chaque composant.,True,latin_inspired|protein:poulet_grille|starch:riz|vegetable:chou
TEE-MEAL-122,"Bœuf émincé, riz et courgettes · inspiration latine",composed_plate,,latin_inspired,False,0,"[""lunch"",""dinner""]",[],"[{""name"":""Bœuf émincé"",""role"":""protein"",""grams"":140,""lookup_terms"":[""boeuf viande cuite""]},{""name"":""Riz"",""role"":""starch"",""grams"":180,""lookup_terms"":[""riz cuit""]},{""name"":""Courgettes"",""role"":""vegetable"",""grams"":180,""lookup_terms"":[""courgette cuite""]}]","tomate, cumin et paprika","[""OLDWAYS_LATIN"",""PNNS_PLATE"",""CIQUAL""]",tee_curated_whitelist,safe_plate,0.92,Assiette TEE construite sur une matrice culinaire validée; publication seulement après résolution CIQUAL forte de chaque composant.,True,latin_inspired|protein:b_uf_emince|starch:riz|vegetable:courgettes
TEE-MEAL-123,"Poisson grillé, riz et poivrons · inspiration latine",composed_plate,,latin_inspired,False,0,"[""lunch"",""dinner""]",[],"[{""name"":""Poisson grillé"",""role"":""protein"",""grams"":150,""lookup_terms"":[""poisson cuit"",""cabillaud cuit""]},{""name"":""Riz"",""role"":""starch"",""grams"":180,""lookup_terms"":[""riz cuit""]},{""name"":""Poivrons"",""role"":""vegetable"",""grams"":180,""lookup_terms"":[""poivron cuit""]}]","ail, citron vert et piment doux","[""OLDWAYS_LATIN"",""PNNS_PLATE"",""CIQUAL""]",tee_curated_whitelist,safe_plate,0.92,Assiette TEE construite sur une matrice culinaire validée; publication seulement après résolution CIQUAL forte de chaque composant.,True,latin_inspired|protein:poisson_grille|starch:riz|vegetable:poivrons
TEE-MEAL-124,"Haricots noirs, riz et tomates · inspiration latine",composed_plate,,latin_inspired,False,0,"[""lunch"",""dinner""]","[""vegetarian""]","[{""name"":""Haricots noirs"",""role"":""protein_plant"",""grams"":160,""lookup_terms"":[""haricot noir cuit"",""haricot rouge cuit""]},{""name"":""Riz"",""role"":""starch"",""grams"":180,""lookup_terms"":[""riz cuit""]},{""name"":""Tomates"",""role"":""vegetable"",""grams"":180,""lookup_terms"":[""tomate cuite""]}]","cumin, origan et tomate","[""OLDWAYS_LATIN"",""PNNS_PLATE"",""CIQUAL""]",tee_curated_whitelist,safe_plate,0.92,Assiette TEE construite sur une matrice culinaire validée; publication seulement après résolution CIQUAL forte de chaque composant.,True,latin_inspired|protein_plant:haricots_noirs|starch:riz|vegetable:tomates
TEE-MEAL-125,"Œufs, riz et chou · inspiration latine",composed_plate,,latin_inspired,False,0,"[""lunch"",""dinner""]",[],"[{""name"":""Œufs"",""role"":""protein"",""grams"":120,""lookup_terms"":[""oeuf cuit""]},{""name"":""Riz"",""role"":""starch"",""grams"":180,""lookup_terms"":[""riz cuit""]},{""name"":""Chou"",""role"":""vegetable"",""grams"":180,""lookup_terms"":[""chou cuit""]}]",citron vert et coriandre,"[""OLDWAYS_LATIN"",""PNNS_PLATE"",""CIQUAL""]",tee_curated_whitelist,safe_plate,0.92,Assiette TEE construite sur une matrice culinaire validée; publication seulement après résolution CIQUAL forte de chaque composant.,True,latin_inspired|protein:ufs|starch:riz|vegetable:chou
TEE-MEAL-126,"Poulet grillé, maïs et poivrons · inspiration latine",composed_plate,,latin_inspired,False,0,"[""lunch"",""dinner""]",[],"[{""name"":""Poulet grillé"",""role"":""protein"",""grams"":140,""lookup_terms"":[""poulet viande cuite""]},{""name"":""Maïs"",""role"":""starch"",""grams"":170,""lookup_terms"":[""maïs doux cuit""]},{""name"":""Poivrons"",""role"":""vegetable"",""grams"":180,""lookup_terms"":[""poivron cuit""]}]","tomate, cumin et paprika","[""OLDWAYS_LATIN"",""PNNS_PLATE"",""CIQUAL""]",tee_curated_whitelist,safe_plate,0.92,Assiette TEE construite sur une matrice culinaire validée; publication seulement après résolution CIQUAL forte de chaque composant.,True,latin_inspired|protein:poulet_grille|starch:mais|vegetable:poivrons
TEE-MEAL-127,"Bœuf émincé, maïs et tomates · inspiration latine",composed_plate,,latin_inspired,False,0,"[""lunch"",""dinner""]",[],"[{""name"":""Bœuf émincé"",""role"":""protein"",""grams"":140,""lookup_terms"":[""boeuf viande cuite""]},{""name"":""Maïs"",""role"":""starch"",""grams"":170,""lookup_terms"":[""maïs doux cuit""]},{""name"":""Tomates"",""role"":""vegetable"",""grams"":180,""lookup_terms"":[""tomate cuite""]}]","ail, citron vert et piment doux","[""OLDWAYS_LATIN"",""PNNS_PLATE"",""CIQUAL""]",tee_curated_whitelist,safe_plate,0.92,Assiette TEE construite sur une matrice culinaire validée; publication seulement après résolution CIQUAL forte de chaque composant.,True,latin_inspired|protein:b_uf_emince|starch:mais|vegetable:tomates
TEE-MEAL-128,"Poisson grillé, maïs et chou · inspiration latine",composed_plate,,latin_inspired,False,0,"[""lunch"",""dinner""]",[],"[{""name"":""Poisson grillé"",""role"":""protein"",""grams"":150,""lookup_terms"":[""poisson cuit"",""cabillaud cuit""]},{""name"":""Maïs"",""role"":""starch"",""grams"":170,""lookup_terms"":[""maïs doux cuit""]},{""name"":""Chou"",""role"":""vegetable"",""grams"":180,""lookup_terms"":[""chou cuit""]}]","cumin, origan et tomate","[""OLDWAYS_LATIN"",""PNNS_PLATE"",""CIQUAL""]",tee_curated_whitelist,safe_plate,0.92,Assiette TEE construite sur une matrice culinaire validée; publication seulement après résolution CIQUAL forte de chaque composant.,True,latin_inspired|protein:poisson_grille|starch:mais|vegetable:chou
TEE-MEAL-129,"Haricots noirs, maïs et courgettes · inspiration latine",composed_plate,,latin_inspired,False,0,"[""lunch"",""dinner""]","[""vegetarian""]","[{""name"":""Haricots noirs"",""role"":""protein_plant"",""grams"":160,""lookup_terms"":[""haricot noir cuit"",""haricot rouge cuit""]},{""name"":""Maïs"",""role"":""starch"",""grams"":170,""lookup_terms"":[""maïs doux cuit""]},{""name"":""Courgettes"",""role"":""vegetable"",""grams"":180,""lookup_terms"":[""courgette cuite""]}]",citron vert et coriandre,"[""OLDWAYS_LATIN"",""PNNS_PLATE"",""CIQUAL""]",tee_curated_whitelist,safe_plate,0.92,Assiette TEE construite sur une matrice culinaire validée; publication seulement après résolution CIQUAL forte de chaque composant.,True,latin_inspired|protein_plant:haricots_noirs|starch:mais|vegetable:courgettes
TEE-MEAL-130,"Œufs, maïs et poivrons · inspiration latine",composed_plate,,latin_inspired,False,0,"[""lunch"",""dinner""]",[],"[{""name"":""Œufs"",""role"":""protein"",""grams"":120,""lookup_terms"":[""oeuf cuit""]},{""name"":""Maïs"",""role"":""starch"",""grams"":170,""lookup_terms"":[""maïs doux cuit""]},{""name"":""Poivrons"",""role"":""vegetable"",""grams"":180,""lookup_terms"":[""poivron cuit""]}]","tomate, cumin et paprika","[""OLDWAYS_LATIN"",""PNNS_PLATE"",""CIQUAL""]",tee_curated_whitelist,safe_plate,0.92,Assiette TEE construite sur une matrice culinaire validée; publication seulement après résolution CIQUAL forte de chaque composant.,True,latin_inspired|protein:ufs|starch:mais|vegetable:poivrons
TEE-MEAL-131,"Poulet grillé, quinoa et chou · inspiration latine",composed_plate,,latin_inspired,False,0,"[""lunch"",""dinner""]",[],"[{""name"":""Poulet grillé"",""role"":""protein"",""grams"":140,""lookup_terms"":[""poulet viande cuite""]},{""name"":""Quinoa"",""role"":""starch"",""grams"":170,""lookup_terms"":[""quinoa cuit""]},{""name"":""Chou"",""role"":""vegetable"",""grams"":180,""lookup_terms"":[""chou cuit""]}]","ail, citron vert et piment doux","[""OLDWAYS_LATIN"",""PNNS_PLATE"",""CIQUAL""]",tee_curated_whitelist,safe_plate,0.92,Assiette TEE construite sur une matrice culinaire validée; publication seulement après résolution CIQUAL forte de chaque composant.,True,latin_inspired|protein:poulet_grille|starch:quinoa|vegetable:chou
TEE-MEAL-132,"Bœuf émincé, quinoa et courgettes · inspiration latine",composed_plate,,latin_inspired,False,0,"[""lunch"",""dinner""]",[],"[{""name"":""Bœuf émincé"",""role"":""protein"",""grams"":140,""lookup_terms"":[""boeuf viande cuite""]},{""name"":""Quinoa"",""role"":""starch"",""grams"":170,""lookup_terms"":[""quinoa cuit""]},{""name"":""Courgettes"",""role"":""vegetable"",""grams"":180,""lookup_terms"":[""courgette cuite""]}]","cumin, origan et tomate","[""OLDWAYS_LATIN"",""PNNS_PLATE"",""CIQUAL""]",tee_curated_whitelist,safe_plate,0.92,Assiette TEE construite sur une matrice culinaire validée; publication seulement après résolution CIQUAL forte de chaque composant.,True,latin_inspired|protein:b_uf_emince|starch:quinoa|vegetable:courgettes
TEE-MEAL-133,"Poisson grillé, quinoa et poivrons · inspiration latine",composed_plate,,latin_inspired,False,0,"[""lunch"",""dinner""]",[],"[{""name"":""Poisson grillé"",""role"":""protein"",""grams"":150,""lookup_terms"":[""poisson cuit"",""cabillaud cuit""]},{""name"":""Quinoa"",""role"":""starch"",""grams"":170,""lookup_terms"":[""quinoa cuit""]},{""name"":""Poivrons"",""role"":""vegetable"",""grams"":180,""lookup_terms"":[""poivron cuit""]}]",citron vert et coriandre,"[""OLDWAYS_LATIN"",""PNNS_PLATE"",""CIQUAL""]",tee_curated_whitelist,safe_plate,0.92,Assiette TEE construite sur une matrice culinaire validée; publication seulement après résolution CIQUAL forte de chaque composant.,True,latin_inspired|protein:poisson_grille|starch:quinoa|vegetable:poivrons
TEE-MEAL-134,"Haricots noirs, quinoa et tomates · inspiration latine",composed_plate,,latin_inspired,False,0,"[""lunch"",""dinner""]","[""vegetarian""]","[{""name"":""Haricots noirs"",""role"":""protein_plant"",""grams"":160,""lookup_terms"":[""haricot noir cuit"",""haricot rouge cuit""]},{""name"":""Quinoa"",""role"":""starch"",""grams"":170,""lookup_terms"":[""quinoa cuit""]},{""name"":""Tomates"",""role"":""vegetable"",""grams"":180,""lookup_terms"":[""tomate cuite""]}]","tomate, cumin et paprika","[""OLDWAYS_LATIN"",""PNNS_PLATE"",""CIQUAL""]",tee_curated_whitelist,safe_plate,0.92,Assiette TEE construite sur une matrice culinaire validée; publication seulement après résolution CIQUAL forte de chaque composant.,True,latin_inspired|protein_plant:haricots_noirs|starch:quinoa|vegetable:tomates
TEE-MEAL-135,"Œufs, quinoa et chou · inspiration latine",composed_plate,,latin_inspired,False,0,"[""lunch"",""dinner""]",[],"[{""name"":""Œufs"",""role"":""protein"",""grams"":120,""lookup_terms"":[""oeuf cuit""]},{""name"":""Quinoa"",""role"":""starch"",""grams"":170,""lookup_terms"":[""quinoa cuit""]},{""name"":""Chou"",""role"":""vegetable"",""grams"":180,""lookup_terms"":[""chou cuit""]}]","ail, citron vert et piment doux","[""OLDWAYS_LATIN"",""PNNS_PLATE"",""CIQUAL""]",tee_curated_whitelist,safe_plate,0.92,Assiette TEE construite sur une matrice culinaire validée; publication seulement après résolution CIQUAL forte de chaque composant.,True,latin_inspired|protein:ufs|starch:quinoa|vegetable:chou
TEE-MEAL-136,"Poulet grillé, patate douce et poivrons · inspiration latine",composed_plate,,latin_inspired,False,0,"[""lunch"",""dinner""]",[],"[{""name"":""Poulet grillé"",""role"":""protein"",""grams"":140,""lookup_terms"":[""poulet viande cuite""]},{""name"":""Patate douce"",""role"":""starch"",""grams"":190,""lookup_terms"":[""patate douce cuite""]},{""name"":""Poivrons"",""role"":""vegetable"",""grams"":180,""lookup_terms"":[""poivron cuit""]}]","cumin, origan et tomate","[""OLDWAYS_LATIN"",""PNNS_PLATE"",""CIQUAL""]",tee_curated_whitelist,safe_plate,0.92,Assiette TEE construite sur une matrice culinaire validée; publication seulement après résolution CIQUAL forte de chaque composant.,True,latin_inspired|protein:poulet_grille|starch:patate_douce|vegetable:poivrons
TEE-MEAL-137,"Bœuf émincé, patate douce et tomates · inspiration latine",composed_plate,,latin_inspired,False,0,"[""lunch"",""dinner""]",[],"[{""name"":""Bœuf émincé"",""role"":""protein"",""grams"":140,""lookup_terms"":[""boeuf viande cuite""]},{""name"":""Patate douce"",""role"":""starch"",""grams"":190,""lookup_terms"":[""patate douce cuite""]},{""name"":""Tomates"",""role"":""vegetable"",""grams"":180,""lookup_terms"":[""tomate cuite""]}]",citron vert et coriandre,"[""OLDWAYS_LATIN"",""PNNS_PLATE"",""CIQUAL""]",tee_curated_whitelist,safe_plate,0.92,Assiette TEE construite sur une matrice culinaire validée; publication seulement après résolution CIQUAL forte de chaque composant.,True,latin_inspired|protein:b_uf_emince|starch:patate_douce|vegetable:tomates
TEE-MEAL-138,"Poisson grillé, patate douce et chou · inspiration latine",composed_plate,,latin_inspired,False,0,"[""lunch"",""dinner""]",[],"[{""name"":""Poisson grillé"",""role"":""protein"",""grams"":150,""lookup_terms"":[""poisson cuit"",""cabillaud cuit""]},{""name"":""Patate douce"",""role"":""starch"",""grams"":190,""lookup_terms"":[""patate douce cuite""]},{""name"":""Chou"",""role"":""vegetable"",""grams"":180,""lookup_terms"":[""chou cuit""]}]","tomate, cumin et paprika","[""OLDWAYS_LATIN"",""PNNS_PLATE"",""CIQUAL""]",tee_curated_whitelist,safe_plate,0.92,Assiette TEE construite sur une matrice culinaire validée; publication seulement après résolution CIQUAL forte de chaque composant.,True,latin_inspired|protein:poisson_grille|starch:patate_douce|vegetable:chou
TEE-MEAL-139,"Haricots noirs, patate douce et courgettes · inspiration latine",composed_plate,,latin_inspired,False,0,"[""lunch"",""dinner""]","[""vegetarian""]","[{""name"":""Haricots noirs"",""role"":""protein_plant"",""grams"":160,""lookup_terms"":[""haricot noir cuit"",""haricot rouge cuit""]},{""name"":""Patate douce"",""role"":""starch"",""grams"":190,""lookup_terms"":[""patate douce cuite""]},{""name"":""Courgettes"",""role"":""vegetable"",""grams"":180,""lookup_terms"":[""courgette cuite""]}]","ail, citron vert et piment doux","[""OLDWAYS_LATIN"",""PNNS_PLATE"",""CIQUAL""]",tee_curated_whitelist,safe_plate,0.92,Assiette TEE construite sur une matrice culinaire validée; publication seulement après résolution CIQUAL forte de chaque composant.,True,latin_inspired|protein_plant:haricots_noirs|starch:patate_douce|vegetable:courgettes
TEE-MEAL-140,"Œufs, patate douce et poivrons · inspiration latine",composed_plate,,latin_inspired,False,0,"[""lunch"",""dinner""]",[],"[{""name"":""Œufs"",""role"":""protein"",""grams"":120,""lookup_terms"":[""oeuf cuit""]},{""name"":""Patate douce"",""role"":""starch"",""grams"":190,""lookup_terms"":[""patate douce cuite""]},{""name"":""Poivrons"",""role"":""vegetable"",""grams"":180,""lookup_terms"":[""poivron cuit""]}]","cumin, origan et tomate","[""OLDWAYS_LATIN"",""PNNS_PLATE"",""CIQUAL""]",tee_curated_whitelist,safe_plate,0.92,Assiette TEE construite sur une matrice culinaire validée; publication seulement après résolution CIQUAL forte de chaque composant.,True,latin_inspired|protein:ufs|starch:patate_douce|vegetable:poivrons
TEE-MEAL-141,"Poulet au curry doux, riz basmati et haricots verts · inspiration indienne",composed_plate,,indian_inspired,False,0,"[""lunch"",""dinner""]",[],"[{""name"":""Poulet au curry doux"",""role"":""protein"",""grams"":140,""lookup_terms"":[""poulet viande cuite""]},{""name"":""Riz basmati"",""role"":""starch"",""grams"":180,""lookup_terms"":[""riz basmati cuit"",""riz cuit""]},{""name"":""Haricots verts"",""role"":""vegetable"",""grams"":180,""lookup_terms"":[""haricot vert cuit""]}]",curry doux et gingembre,"[""OLDWAYS_WORLD"",""PNNS_PANTRY"",""CIQUAL""]",tee_curated_whitelist,safe_plate,0.92,Assiette TEE construite sur une matrice culinaire validée; publication seulement après résolution CIQUAL forte de chaque composant.,True,indian_inspired|protein:poulet_au_curry_doux|starch:riz_basmati|vegetable:haricots_verts
TEE-MEAL-142,"Poisson au curcuma, riz basmati et épinards · inspiration indienne",composed_plate,,indian_inspired,False,0,"[""lunch"",""dinner""]",[],"[{""name"":""Poisson au curcuma"",""role"":""protein"",""grams"":150,""lookup_terms"":[""poisson cuit"",""cabillaud cuit""]},{""name"":""Riz basmati"",""role"":""starch"",""grams"":180,""lookup_terms"":[""riz basmati cuit"",""riz cuit""]},{""name"":""Épinards"",""role"":""vegetable"",""grams"":180,""lookup_terms"":[""épinard cuit""]}]","cumin, curcuma et coriandre","[""OLDWAYS_WORLD"",""PNNS_PANTRY"",""CIQUAL""]",tee_curated_whitelist,safe_plate,0.92,Assiette TEE construite sur une matrice culinaire validée; publication seulement après résolution CIQUAL forte de chaque composant.,True,indian_inspired|protein:poisson_au_curcuma|starch:riz_basmati|vegetable:epinards
TEE-MEAL-143,"Tofu, riz basmati et chou-fleur · inspiration indienne",composed_plate,,indian_inspired,False,0,"[""lunch"",""dinner""]","[""vegetarian""]","[{""name"":""Tofu"",""role"":""protein_plant"",""grams"":150,""lookup_terms"":[""tofu nature""]},{""name"":""Riz basmati"",""role"":""starch"",""grams"":180,""lookup_terms"":[""riz basmati cuit"",""riz cuit""]},{""name"":""Chou-fleur"",""role"":""vegetable"",""grams"":180,""lookup_terms"":[""chou fleur cuit""]}]",tomate et garam masala doux,"[""OLDWAYS_WORLD"",""PNNS_PANTRY"",""CIQUAL""]",tee_curated_whitelist,safe_plate,0.92,Assiette TEE construite sur une matrice culinaire validée; publication seulement après résolution CIQUAL forte de chaque composant.,True,indian_inspired|protein_plant:tofu|starch:riz_basmati|vegetable:chou_fleur
TEE-MEAL-144,"Lentilles corail, riz basmati et aubergines · inspiration indienne",composed_plate,,indian_inspired,False,0,"[""lunch"",""dinner""]","[""vegetarian""]","[{""name"":""Lentilles corail"",""role"":""protein_plant"",""grams"":160,""lookup_terms"":[""lentille corail cuite"",""lentille cuite""]},{""name"":""Riz basmati"",""role"":""starch"",""grams"":180,""lookup_terms"":[""riz basmati cuit"",""riz cuit""]},{""name"":""Aubergines"",""role"":""vegetable"",""grams"":180,""lookup_terms"":[""aubergine cuite""]}]","gingembre, ail et citron","[""OLDWAYS_WORLD"",""PNNS_PANTRY"",""CIQUAL""]",tee_curated_whitelist,safe_plate,0.92,Assiette TEE construite sur une matrice culinaire validée; publication seulement après résolution CIQUAL forte de chaque composant.,True,indian_inspired|protein_plant:lentilles_corail|starch:riz_basmati|vegetable:aubergines
TEE-MEAL-145,"Pois chiches, riz basmati et haricots verts · inspiration indienne",composed_plate,,indian_inspired,False,0,"[""lunch"",""dinner""]","[""vegetarian""]","[{""name"":""Pois chiches"",""role"":""protein_plant"",""grams"":160,""lookup_terms"":[""pois chiche cuit""]},{""name"":""Riz basmati"",""role"":""starch"",""grams"":180,""lookup_terms"":[""riz basmati cuit"",""riz cuit""]},{""name"":""Haricots verts"",""role"":""vegetable"",""grams"":180,""lookup_terms"":[""haricot vert cuit""]}]",curry doux et gingembre,"[""OLDWAYS_WORLD"",""PNNS_PANTRY"",""CIQUAL""]",tee_curated_whitelist,safe_plate,0.92,Assiette TEE construite sur une matrice culinaire validée; publication seulement après résolution CIQUAL forte de chaque composant.,True,indian_inspired|protein_plant:pois_chiches|starch:riz_basmati|vegetable:haricots_verts
TEE-MEAL-146,"Poulet au curry doux, quinoa et chou-fleur · inspiration indienne",composed_plate,,indian_inspired,False,0,"[""lunch"",""dinner""]",[],"[{""name"":""Poulet au curry doux"",""role"":""protein"",""grams"":140,""lookup_terms"":[""poulet viande cuite""]},{""name"":""Quinoa"",""role"":""starch"",""grams"":170,""lookup_terms"":[""quinoa cuit""]},{""name"":""Chou-fleur"",""role"":""vegetable"",""grams"":180,""lookup_terms"":[""chou fleur cuit""]}]","cumin, curcuma et coriandre","[""OLDWAYS_WORLD"",""PNNS_PANTRY"",""CIQUAL""]",tee_curated_whitelist,safe_plate,0.92,Assiette TEE construite sur une matrice culinaire validée; publication seulement après résolution CIQUAL forte de chaque composant.,True,indian_inspired|protein:poulet_au_curry_doux|starch:quinoa|vegetable:chou_fleur
TEE-MEAL-147,"Poisson au curcuma, quinoa et aubergines · inspiration indienne",composed_plate,,indian_inspired,False,0,"[""lunch"",""dinner""]",[],"[{""name"":""Poisson au curcuma"",""role"":""protein"",""grams"":150,""lookup_terms"":[""poisson cuit"",""cabillaud cuit""]},{""name"":""Quinoa"",""role"":""starch"",""grams"":170,""lookup_terms"":[""quinoa cuit""]},{""name"":""Aubergines"",""role"":""vegetable"",""grams"":180,""lookup_terms"":[""aubergine cuite""]}]",tomate et garam masala doux,"[""OLDWAYS_WORLD"",""PNNS_PANTRY"",""CIQUAL""]",tee_curated_whitelist,safe_plate,0.92,Assiette TEE construite sur une matrice culinaire validée; publication seulement après résolution CIQUAL forte de chaque composant.,True,indian_inspired|protein:poisson_au_curcuma|starch:quinoa|vegetable:aubergines
TEE-MEAL-148,"Tofu, quinoa et haricots verts · inspiration indienne",composed_plate,,indian_inspired,False,0,"[""lunch"",""dinner""]","[""vegetarian""]","[{""name"":""Tofu"",""role"":""protein_plant"",""grams"":150,""lookup_terms"":[""tofu nature""]},{""name"":""Quinoa"",""role"":""starch"",""grams"":170,""lookup_terms"":[""quinoa cuit""]},{""name"":""Haricots verts"",""role"":""vegetable"",""grams"":180,""lookup_terms"":[""haricot vert cuit""]}]","gingembre, ail et citron","[""OLDWAYS_WORLD"",""PNNS_PANTRY"",""CIQUAL""]",tee_curated_whitelist,safe_plate,0.92,Assiette TEE construite sur une matrice culinaire validée; publication seulement après résolution CIQUAL forte de chaque composant.,True,indian_inspired|protein_plant:tofu|starch:quinoa|vegetable:haricots_verts
TEE-MEAL-149,"Lentilles corail, quinoa et épinards · inspiration indienne",composed_plate,,indian_inspired,False,0,"[""lunch"",""dinner""]","[""vegetarian""]","[{""name"":""Lentilles corail"",""role"":""protein_plant"",""grams"":160,""lookup_terms"":[""lentille corail cuite"",""lentille cuite""]},{""name"":""Quinoa"",""role"":""starch"",""grams"":170,""lookup_terms"":[""quinoa cuit""]},{""name"":""Épinards"",""role"":""vegetable"",""grams"":180,""lookup_terms"":[""épinard cuit""]}]",curry doux et gingembre,"[""OLDWAYS_WORLD"",""PNNS_PANTRY"",""CIQUAL""]",tee_curated_whitelist,safe_plate,0.92,Assiette TEE construite sur une matrice culinaire validée; publication seulement après résolution CIQUAL forte de chaque composant.,True,indian_inspired|protein_plant:lentilles_corail|starch:quinoa|vegetable:epinards
TEE-MEAL-150,"Pois chiches, quinoa et chou-fleur · inspiration indienne",composed_plate,,indian_inspired,False,0,"[""lunch"",""dinner""]","[""vegetarian""]","[{""name"":""Pois chiches"",""role"":""protein_plant"",""grams"":160,""lookup_terms"":[""pois chiche cuit""]},{""name"":""Quinoa"",""role"":""starch"",""grams"":170,""lookup_terms"":[""quinoa cuit""]},{""name"":""Chou-fleur"",""role"":""vegetable"",""grams"":180,""lookup_terms"":[""chou fleur cuit""]}]","cumin, curcuma et coriandre","[""OLDWAYS_WORLD"",""PNNS_PANTRY"",""CIQUAL""]",tee_curated_whitelist,safe_plate,0.92,Assiette TEE construite sur une matrice culinaire validée; publication seulement après résolution CIQUAL forte de chaque composant.,True,indian_inspired|protein_plant:pois_chiches|starch:quinoa|vegetable:chou_fleur
TEE-MEAL-151,"Poulet au curry doux, pommes de terre et haricots verts · inspiration indienne",composed_plate,,indian_inspired,False,0,"[""lunch"",""dinner""]",[],"[{""name"":""Poulet au curry doux"",""role"":""protein"",""grams"":140,""lookup_terms"":[""poulet viande cuite""]},{""name"":""Pommes de terre"",""role"":""starch"",""grams"":190,""lookup_terms"":[""pomme de terre cuite""]},{""name"":""Haricots verts"",""role"":""vegetable"",""grams"":180,""lookup_terms"":[""haricot vert cuit""]}]",tomate et garam masala doux,"[""OLDWAYS_WORLD"",""PNNS_PANTRY"",""CIQUAL""]",tee_curated_whitelist,safe_plate,0.92,Assiette TEE construite sur une matrice culinaire validée; publication seulement après résolution CIQUAL forte de chaque composant.,True,indian_inspired|protein:poulet_au_curry_doux|starch:pommes_de_terre|vegetable:haricots_verts
TEE-MEAL-152,"Poisson au curcuma, pommes de terre et épinards · inspiration indienne",composed_plate,,indian_inspired,False,0,"[""lunch"",""dinner""]",[],"[{""name"":""Poisson au curcuma"",""role"":""protein"",""grams"":150,""lookup_terms"":[""poisson cuit"",""cabillaud cuit""]},{""name"":""Pommes de terre"",""role"":""starch"",""grams"":190,""lookup_terms"":[""pomme de terre cuite""]},{""name"":""Épinards"",""role"":""vegetable"",""grams"":180,""lookup_terms"":[""épinard cuit""]}]","gingembre, ail et citron","[""OLDWAYS_WORLD"",""PNNS_PANTRY"",""CIQUAL""]",tee_curated_whitelist,safe_plate,0.92,Assiette TEE construite sur une matrice culinaire validée; publication seulement après résolution CIQUAL forte de chaque composant.,True,indian_inspired|protein:poisson_au_curcuma|starch:pommes_de_terre|vegetable:epinards
TEE-MEAL-153,"Tofu, pommes de terre et chou-fleur · inspiration indienne",composed_plate,,indian_inspired,False,0,"[""lunch"",""dinner""]","[""vegetarian""]","[{""name"":""Tofu"",""role"":""protein_plant"",""grams"":150,""lookup_terms"":[""tofu nature""]},{""name"":""Pommes de terre"",""role"":""starch"",""grams"":190,""lookup_terms"":[""pomme de terre cuite""]},{""name"":""Chou-fleur"",""role"":""vegetable"",""grams"":180,""lookup_terms"":[""chou fleur cuit""]}]",curry doux et gingembre,"[""OLDWAYS_WORLD"",""PNNS_PANTRY"",""CIQUAL""]",tee_curated_whitelist,safe_plate,0.92,Assiette TEE construite sur une matrice culinaire validée; publication seulement après résolution CIQUAL forte de chaque composant.,True,indian_inspired|protein_plant:tofu|starch:pommes_de_terre|vegetable:chou_fleur
TEE-MEAL-154,"Lentilles corail, pommes de terre et aubergines · inspiration indienne",composed_plate,,indian_inspired,False,0,"[""lunch"",""dinner""]","[""vegetarian""]","[{""name"":""Lentilles corail"",""role"":""protein_plant"",""grams"":160,""lookup_terms"":[""lentille corail cuite"",""lentille cuite""]},{""name"":""Pommes de terre"",""role"":""starch"",""grams"":190,""lookup_terms"":[""pomme de terre cuite""]},{""name"":""Aubergines"",""role"":""vegetable"",""grams"":180,""lookup_terms"":[""aubergine cuite""]}]","cumin, curcuma et coriandre","[""OLDWAYS_WORLD"",""PNNS_PANTRY"",""CIQUAL""]",tee_curated_whitelist,safe_plate,0.92,Assiette TEE construite sur une matrice culinaire validée; publication seulement après résolution CIQUAL forte de chaque composant.,True,indian_inspired|protein_plant:lentilles_corail|starch:pommes_de_terre|vegetable:aubergines
TEE-MEAL-155,"Pois chiches, pommes de terre et haricots verts · inspiration indienne",composed_plate,,indian_inspired,False,0,"[""lunch"",""dinner""]","[""vegetarian""]","[{""name"":""Pois chiches"",""role"":""protein_plant"",""grams"":160,""lookup_terms"":[""pois chiche cuit""]},{""name"":""Pommes de terre"",""role"":""starch"",""grams"":190,""lookup_terms"":[""pomme de terre cuite""]},{""name"":""Haricots verts"",""role"":""vegetable"",""grams"":180,""lookup_terms"":[""haricot vert cuit""]}]",tomate et garam masala doux,"[""OLDWAYS_WORLD"",""PNNS_PANTRY"",""CIQUAL""]",tee_curated_whitelist,safe_plate,0.92,Assiette TEE construite sur une matrice culinaire validée; publication seulement après résolution CIQUAL forte de chaque composant.,True,indian_inspired|protein_plant:pois_chiches|starch:pommes_de_terre|vegetable:haricots_verts
TEE-MEAL-156,"Poulet au curry doux, boulgour et chou-fleur · inspiration indienne",composed_plate,,indian_inspired,False,0,"[""lunch"",""dinner""]",[],"[{""name"":""Poulet au curry doux"",""role"":""protein"",""grams"":140,""lookup_terms"":[""poulet viande cuite""]},{""name"":""Boulgour"",""role"":""starch"",""grams"":170,""lookup_terms"":[""boulgour cuit""]},{""name"":""Chou-fleur"",""role"":""vegetable"",""grams"":180,""lookup_terms"":[""chou fleur cuit""]}]","gingembre, ail et citron","[""OLDWAYS_WORLD"",""PNNS_PANTRY"",""CIQUAL""]",tee_curated_whitelist,safe_plate,0.92,Assiette TEE construite sur une matrice culinaire validée; publication seulement après résolution CIQUAL forte de chaque composant.,True,indian_inspired|protein:poulet_au_curry_doux|starch:boulgour|vegetable:chou_fleur
TEE-MEAL-157,"Poisson au curcuma, boulgour et aubergines · inspiration indienne",composed_plate,,indian_inspired,False,0,"[""lunch"",""dinner""]",[],"[{""name"":""Poisson au curcuma"",""role"":""protein"",""grams"":150,""lookup_terms"":[""poisson cuit"",""cabillaud cuit""]},{""name"":""Boulgour"",""role"":""starch"",""grams"":170,""lookup_terms"":[""boulgour cuit""]},{""name"":""Aubergines"",""role"":""vegetable"",""grams"":180,""lookup_terms"":[""aubergine cuite""]}]",curry doux et gingembre,"[""OLDWAYS_WORLD"",""PNNS_PANTRY"",""CIQUAL""]",tee_curated_whitelist,safe_plate,0.92,Assiette TEE construite sur une matrice culinaire validée; publication seulement après résolution CIQUAL forte de chaque composant.,True,indian_inspired|protein:poisson_au_curcuma|starch:boulgour|vegetable:aubergines
TEE-MEAL-158,"Tofu, boulgour et haricots verts · inspiration indienne",composed_plate,,indian_inspired,False,0,"[""lunch"",""dinner""]","[""vegetarian""]","[{""name"":""Tofu"",""role"":""protein_plant"",""grams"":150,""lookup_terms"":[""tofu nature""]},{""name"":""Boulgour"",""role"":""starch"",""grams"":170,""lookup_terms"":[""boulgour cuit""]},{""name"":""Haricots verts"",""role"":""vegetable"",""grams"":180,""lookup_terms"":[""haricot vert cuit""]}]","cumin, curcuma et coriandre","[""OLDWAYS_WORLD"",""PNNS_PANTRY"",""CIQUAL""]",tee_curated_whitelist,safe_plate,0.92,Assiette TEE construite sur une matrice culinaire validée; publication seulement après résolution CIQUAL forte de chaque composant.,True,indian_inspired|protein_plant:tofu|starch:boulgour|vegetable:haricots_verts
TEE-MEAL-159,"Lentilles corail, boulgour et épinards · inspiration indienne",composed_plate,,indian_inspired,False,0,"[""lunch"",""dinner""]","[""vegetarian""]","[{""name"":""Lentilles corail"",""role"":""protein_plant"",""grams"":160,""lookup_terms"":[""lentille corail cuite"",""lentille cuite""]},{""name"":""Boulgour"",""role"":""starch"",""grams"":170,""lookup_terms"":[""boulgour cuit""]},{""name"":""Épinards"",""role"":""vegetable"",""grams"":180,""lookup_terms"":[""épinard cuit""]}]",tomate et garam masala doux,"[""OLDWAYS_WORLD"",""PNNS_PANTRY"",""CIQUAL""]",tee_curated_whitelist,safe_plate,0.92,Assiette TEE construite sur une matrice culinaire validée; publication seulement après résolution CIQUAL forte de chaque composant.,True,indian_inspired|protein_plant:lentilles_corail|starch:boulgour|vegetable:epinards
TEE-MEAL-160,"Pois chiches, boulgour et chou-fleur · inspiration indienne",composed_plate,,indian_inspired,False,0,"[""lunch"",""dinner""]","[""vegetarian""]","[{""name"":""Pois chiches"",""role"":""protein_plant"",""grams"":160,""lookup_terms"":[""pois chiche cuit""]},{""name"":""Boulgour"",""role"":""starch"",""grams"":170,""lookup_terms"":[""boulgour cuit""]},{""name"":""Chou-fleur"",""role"":""vegetable"",""grams"":180,""lookup_terms"":[""chou fleur cuit""]}]","gingembre, ail et citron","[""OLDWAYS_WORLD"",""PNNS_PANTRY"",""CIQUAL""]",tee_curated_whitelist,safe_plate,0.92,Assiette TEE construite sur une matrice culinaire validée; publication seulement après résolution CIQUAL forte de chaque composant.,True,indian_inspired|protein_plant:pois_chiches|starch:boulgour|vegetable:chou_fleur
TEE-MEAL-161,"Poulet au gingembre, riz et brocoli · inspiration est-asiatique",composed_plate,,east_asian_inspired,False,0,"[""lunch"",""dinner""]",[],"[{""name"":""Poulet au gingembre"",""role"":""protein"",""grams"":140,""lookup_terms"":[""poulet viande cuite""]},{""name"":""Riz"",""role"":""starch"",""grams"":180,""lookup_terms"":[""riz cuit""]},{""name"":""Brocoli"",""role"":""vegetable"",""grams"":180,""lookup_terms"":[""brocoli cuit""]}]","gingembre, ail et sauce soja légère","[""OLDWAYS_WORLD"",""PNNS_PLATE"",""CIQUAL""]",tee_curated_whitelist,safe_plate,0.92,Assiette TEE construite sur une matrice culinaire validée; publication seulement après résolution CIQUAL forte de chaque composant.,True,east_asian_inspired|protein:poulet_au_gingembre|starch:riz|vegetable:brocoli
TEE-MEAL-162,"Saumon, riz et chou · inspiration est-asiatique",composed_plate,,east_asian_inspired,False,0,"[""lunch"",""dinner""]",[],"[{""name"":""Saumon"",""role"":""protein"",""grams"":150,""lookup_terms"":[""saumon cuit""]},{""name"":""Riz"",""role"":""starch"",""grams"":180,""lookup_terms"":[""riz cuit""]},{""name"":""Chou"",""role"":""vegetable"",""grams"":180,""lookup_terms"":[""chou cuit""]}]","sésame, gingembre et ciboule","[""OLDWAYS_WORLD"",""PNNS_PLATE"",""CIQUAL""]",tee_curated_whitelist,safe_plate,0.92,Assiette TEE construite sur une matrice culinaire validée; publication seulement après résolution CIQUAL forte de chaque composant.,True,east_asian_inspired|protein:saumon|starch:riz|vegetable:chou
TEE-MEAL-163,"Crevettes, riz et champignons · inspiration est-asiatique",composed_plate,,east_asian_inspired,False,0,"[""lunch"",""dinner""]",[],"[{""name"":""Crevettes"",""role"":""protein"",""grams"":140,""lookup_terms"":[""crevette cuite""]},{""name"":""Riz"",""role"":""starch"",""grams"":180,""lookup_terms"":[""riz cuit""]},{""name"":""Champignons"",""role"":""vegetable"",""grams"":180,""lookup_terms"":[""champignon cuit""]}]",miso doux et gingembre,"[""OLDWAYS_WORLD"",""PNNS_PLATE"",""CIQUAL""]",tee_curated_whitelist,safe_plate,0.92,Assiette TEE construite sur une matrice culinaire validée; publication seulement après résolution CIQUAL forte de chaque composant.,True,east_asian_inspired|protein:crevettes|starch:riz|vegetable:champignons
TEE-MEAL-164,"Tofu, riz et épinards · inspiration est-asiatique",composed_plate,,east_asian_inspired,False,0,"[""lunch"",""dinner""]","[""vegetarian""]","[{""name"":""Tofu"",""role"":""protein_plant"",""grams"":150,""lookup_terms"":[""tofu nature""]},{""name"":""Riz"",""role"":""starch"",""grams"":180,""lookup_terms"":[""riz cuit""]},{""name"":""Épinards"",""role"":""vegetable"",""grams"":180,""lookup_terms"":[""épinard cuit""]}]","ail, citron et soja légère","[""OLDWAYS_WORLD"",""PNNS_PLATE"",""CIQUAL""]",tee_curated_whitelist,safe_plate,0.92,Assiette TEE construite sur une matrice culinaire validée; publication seulement après résolution CIQUAL forte de chaque composant.,True,east_asian_inspired|protein_plant:tofu|starch:riz|vegetable:epinards
TEE-MEAL-165,"Œufs, riz et brocoli · inspiration est-asiatique",composed_plate,,east_asian_inspired,False,0,"[""lunch"",""dinner""]",[],"[{""name"":""Œufs"",""role"":""protein"",""grams"":120,""lookup_terms"":[""oeuf cuit""]},{""name"":""Riz"",""role"":""starch"",""grams"":180,""lookup_terms"":[""riz cuit""]},{""name"":""Brocoli"",""role"":""vegetable"",""grams"":180,""lookup_terms"":[""brocoli cuit""]}]","gingembre, ail et sauce soja légère","[""OLDWAYS_WORLD"",""PNNS_PLATE"",""CIQUAL""]",tee_curated_whitelist,safe_plate,0.92,Assiette TEE construite sur une matrice culinaire validée; publication seulement après résolution CIQUAL forte de chaque composant.,True,east_asian_inspired|protein:ufs|starch:riz|vegetable:brocoli
TEE-MEAL-166,"Poulet au gingembre, nouilles de blé et champignons · inspiration est-asiatique",composed_plate,,east_asian_inspired,False,0,"[""lunch"",""dinner""]",[],"[{""name"":""Poulet au gingembre"",""role"":""protein"",""grams"":140,""lookup_terms"":[""poulet viande cuite""]},{""name"":""Nouilles de blé"",""role"":""starch"",""grams"":180,""lookup_terms"":[""nouilles asiatiques cuites"",""pâtes alimentaires cuites""]},{""name"":""Champignons"",""role"":""vegetable"",""grams"":180,""lookup_terms"":[""champignon cuit""]}]","sésame, gingembre et ciboule","[""OLDWAYS_WORLD"",""PNNS_PLATE"",""CIQUAL""]",tee_curated_whitelist,safe_plate,0.92,Assiette TEE construite sur une matrice culinaire validée; publication seulement après résolution CIQUAL forte de chaque composant.,True,east_asian_inspired|protein:poulet_au_gingembre|starch:nouilles_de_ble|vegetable:champignons
TEE-MEAL-167,"Saumon, nouilles de blé et épinards · inspiration est-asiatique",composed_plate,,east_asian_inspired,False,0,"[""lunch"",""dinner""]",[],"[{""name"":""Saumon"",""role"":""protein"",""grams"":150,""lookup_terms"":[""saumon cuit""]},{""name"":""Nouilles de blé"",""role"":""starch"",""grams"":180,""lookup_terms"":[""nouilles asiatiques cuites"",""pâtes alimentaires cuites""]},{""name"":""Épinards"",""role"":""vegetable"",""grams"":180,""lookup_terms"":[""épinard cuit""]}]",miso doux et gingembre,"[""OLDWAYS_WORLD"",""PNNS_PLATE"",""CIQUAL""]",tee_curated_whitelist,safe_plate,0.92,Assiette TEE construite sur une matrice culinaire validée; publication seulement après résolution CIQUAL forte de chaque composant.,True,east_asian_inspired|protein:saumon|starch:nouilles_de_ble|vegetable:epinards
TEE-MEAL-168,"Crevettes, nouilles de blé et brocoli · inspiration est-asiatique",composed_plate,,east_asian_inspired,False,0,"[""lunch"",""dinner""]",[],"[{""name"":""Crevettes"",""role"":""protein"",""grams"":140,""lookup_terms"":[""crevette cuite""]},{""name"":""Nouilles de blé"",""role"":""starch"",""grams"":180,""lookup_terms"":[""nouilles asiatiques cuites"",""pâtes alimentaires cuites""]},{""name"":""Brocoli"",""role"":""vegetable"",""grams"":180,""lookup_terms"":[""brocoli cuit""]}]","ail, citron et soja légère","[""OLDWAYS_WORLD"",""PNNS_PLATE"",""CIQUAL""]",tee_curated_whitelist,safe_plate,0.92,Assiette TEE construite sur une matrice culinaire validée; publication seulement après résolution CIQUAL forte de chaque composant.,True,east_asian_inspired|protein:crevettes|starch:nouilles_de_ble|vegetable:brocoli
TEE-MEAL-169,"Tofu, nouilles de blé et chou · inspiration est-asiatique",composed_plate,,east_asian_inspired,False,0,"[""lunch"",""dinner""]","[""vegetarian""]","[{""name"":""Tofu"",""role"":""protein_plant"",""grams"":150,""lookup_terms"":[""tofu nature""]},{""name"":""Nouilles de blé"",""role"":""starch"",""grams"":180,""lookup_terms"":[""nouilles asiatiques cuites"",""pâtes alimentaires cuites""]},{""name"":""Chou"",""role"":""vegetable"",""grams"":180,""lookup_terms"":[""chou cuit""]}]","gingembre, ail et sauce soja légère","[""OLDWAYS_WORLD"",""PNNS_PLATE"",""CIQUAL""]",tee_curated_whitelist,safe_plate,0.92,Assiette TEE construite sur une matrice culinaire validée; publication seulement après résolution CIQUAL forte de chaque composant.,True,east_asian_inspired|protein_plant:tofu|starch:nouilles_de_ble|vegetable:chou
TEE-MEAL-170,"Œufs, nouilles de blé et champignons · inspiration est-asiatique",composed_plate,,east_asian_inspired,False,0,"[""lunch"",""dinner""]",[],"[{""name"":""Œufs"",""role"":""protein"",""grams"":120,""lookup_terms"":[""oeuf cuit""]},{""name"":""Nouilles de blé"",""role"":""starch"",""grams"":180,""lookup_terms"":[""nouilles asiatiques cuites"",""pâtes alimentaires cuites""]},{""name"":""Champignons"",""role"":""vegetable"",""grams"":180,""lookup_terms"":[""champignon cuit""]}]","sésame, gingembre et ciboule","[""OLDWAYS_WORLD"",""PNNS_PLATE"",""CIQUAL""]",tee_curated_whitelist,safe_plate,0.92,Assiette TEE construite sur une matrice culinaire validée; publication seulement après résolution CIQUAL forte de chaque composant.,True,east_asian_inspired|protein:ufs|starch:nouilles_de_ble|vegetable:champignons
TEE-MEAL-171,"Poulet au gingembre, sarrasin et brocoli · inspiration est-asiatique",composed_plate,,east_asian_inspired,False,0,"[""lunch"",""dinner""]",[],"[{""name"":""Poulet au gingembre"",""role"":""protein"",""grams"":140,""lookup_terms"":[""poulet viande cuite""]},{""name"":""Sarrasin"",""role"":""starch"",""grams"":170,""lookup_terms"":[""sarrasin cuit""]},{""name"":""Brocoli"",""role"":""vegetable"",""grams"":180,""lookup_terms"":[""brocoli cuit""]}]",miso doux et gingembre,"[""OLDWAYS_WORLD"",""PNNS_PLATE"",""CIQUAL""]",tee_curated_whitelist,safe_plate,0.92,Assiette TEE construite sur une matrice culinaire validée; publication seulement après résolution CIQUAL forte de chaque composant.,True,east_asian_inspired|protein:poulet_au_gingembre|starch:sarrasin|vegetable:brocoli
TEE-MEAL-172,"Saumon, sarrasin et chou · inspiration est-asiatique",composed_plate,,east_asian_inspired,False,0,"[""lunch"",""dinner""]",[],"[{""name"":""Saumon"",""role"":""protein"",""grams"":150,""lookup_terms"":[""saumon cuit""]},{""name"":""Sarrasin"",""role"":""starch"",""grams"":170,""lookup_terms"":[""sarrasin cuit""]},{""name"":""Chou"",""role"":""vegetable"",""grams"":180,""lookup_terms"":[""chou cuit""]}]","ail, citron et soja légère","[""OLDWAYS_WORLD"",""PNNS_PLATE"",""CIQUAL""]",tee_curated_whitelist,safe_plate,0.92,Assiette TEE construite sur une matrice culinaire validée; publication seulement après résolution CIQUAL forte de chaque composant.,True,east_asian_inspired|protein:saumon|starch:sarrasin|vegetable:chou
TEE-MEAL-173,"Crevettes, sarrasin et champignons · inspiration est-asiatique",composed_plate,,east_asian_inspired,False,0,"[""lunch"",""dinner""]",[],"[{""name"":""Crevettes"",""role"":""protein"",""grams"":140,""lookup_terms"":[""crevette cuite""]},{""name"":""Sarrasin"",""role"":""starch"",""grams"":170,""lookup_terms"":[""sarrasin cuit""]},{""name"":""Champignons"",""role"":""vegetable"",""grams"":180,""lookup_terms"":[""champignon cuit""]}]","gingembre, ail et sauce soja légère","[""OLDWAYS_WORLD"",""PNNS_PLATE"",""CIQUAL""]",tee_curated_whitelist,safe_plate,0.92,Assiette TEE construite sur une matrice culinaire validée; publication seulement après résolution CIQUAL forte de chaque composant.,True,east_asian_inspired|protein:crevettes|starch:sarrasin|vegetable:champignons
TEE-MEAL-174,"Tofu, sarrasin et épinards · inspiration est-asiatique",composed_plate,,east_asian_inspired,False,0,"[""lunch"",""dinner""]","[""vegetarian""]","[{""name"":""Tofu"",""role"":""protein_plant"",""grams"":150,""lookup_terms"":[""tofu nature""]},{""name"":""Sarrasin"",""role"":""starch"",""grams"":170,""lookup_terms"":[""sarrasin cuit""]},{""name"":""Épinards"",""role"":""vegetable"",""grams"":180,""lookup_terms"":[""épinard cuit""]}]","sésame, gingembre et ciboule","[""OLDWAYS_WORLD"",""PNNS_PLATE"",""CIQUAL""]",tee_curated_whitelist,safe_plate,0.92,Assiette TEE construite sur une matrice culinaire validée; publication seulement après résolution CIQUAL forte de chaque composant.,True,east_asian_inspired|protein_plant:tofu|starch:sarrasin|vegetable:epinards
TEE-MEAL-175,"Œufs, sarrasin et brocoli · inspiration est-asiatique",composed_plate,,east_asian_inspired,False,0,"[""lunch"",""dinner""]",[],"[{""name"":""Œufs"",""role"":""protein"",""grams"":120,""lookup_terms"":[""oeuf cuit""]},{""name"":""Sarrasin"",""role"":""starch"",""grams"":170,""lookup_terms"":[""sarrasin cuit""]},{""name"":""Brocoli"",""role"":""vegetable"",""grams"":180,""lookup_terms"":[""brocoli cuit""]}]",miso doux et gingembre,"[""OLDWAYS_WORLD"",""PNNS_PLATE"",""CIQUAL""]",tee_curated_whitelist,safe_plate,0.92,Assiette TEE construite sur une matrice culinaire validée; publication seulement après résolution CIQUAL forte de chaque composant.,True,east_asian_inspired|protein:ufs|starch:sarrasin|vegetable:brocoli
TEE-MEAL-176,"Poulet au gingembre, pommes de terre et champignons · inspiration est-asiatique",composed_plate,,east_asian_inspired,False,0,"[""lunch"",""dinner""]",[],"[{""name"":""Poulet au gingembre"",""role"":""protein"",""grams"":140,""lookup_terms"":[""poulet viande cuite""]},{""name"":""Pommes de terre"",""role"":""starch"",""grams"":190,""lookup_terms"":[""pomme de terre cuite""]},{""name"":""Champignons"",""role"":""vegetable"",""grams"":180,""lookup_terms"":[""champignon cuit""]}]","ail, citron et soja légère","[""OLDWAYS_WORLD"",""PNNS_PLATE"",""CIQUAL""]",tee_curated_whitelist,safe_plate,0.92,Assiette TEE construite sur une matrice culinaire validée; publication seulement après résolution CIQUAL forte de chaque composant.,True,east_asian_inspired|protein:poulet_au_gingembre|starch:pommes_de_terre|vegetable:champignons
TEE-MEAL-177,"Saumon, pommes de terre et épinards · inspiration est-asiatique",composed_plate,,east_asian_inspired,False,0,"[""lunch"",""dinner""]",[],"[{""name"":""Saumon"",""role"":""protein"",""grams"":150,""lookup_terms"":[""saumon cuit""]},{""name"":""Pommes de terre"",""role"":""starch"",""grams"":190,""lookup_terms"":[""pomme de terre cuite""]},{""name"":""Épinards"",""role"":""vegetable"",""grams"":180,""lookup_terms"":[""épinard cuit""]}]","gingembre, ail et sauce soja légère","[""OLDWAYS_WORLD"",""PNNS_PLATE"",""CIQUAL""]",tee_curated_whitelist,safe_plate,0.92,Assiette TEE construite sur une matrice culinaire validée; publication seulement après résolution CIQUAL forte de chaque composant.,True,east_asian_inspired|protein:saumon|starch:pommes_de_terre|vegetable:epinards
TEE-MEAL-178,"Crevettes, pommes de terre et brocoli · inspiration est-asiatique",composed_plate,,east_asian_inspired,False,0,"[""lunch"",""dinner""]",[],"[{""name"":""Crevettes"",""role"":""protein"",""grams"":140,""lookup_terms"":[""crevette cuite""]},{""name"":""Pommes de terre"",""role"":""starch"",""grams"":190,""lookup_terms"":[""pomme de terre cuite""]},{""name"":""Brocoli"",""role"":""vegetable"",""grams"":180,""lookup_terms"":[""brocoli cuit""]}]","sésame, gingembre et ciboule","[""OLDWAYS_WORLD"",""PNNS_PLATE"",""CIQUAL""]",tee_curated_whitelist,safe_plate,0.92,Assiette TEE construite sur une matrice culinaire validée; publication seulement après résolution CIQUAL forte de chaque composant.,True,east_asian_inspired|protein:crevettes|starch:pommes_de_terre|vegetable:brocoli
TEE-MEAL-179,"Tofu, pommes de terre et chou · inspiration est-asiatique",composed_plate,,east_asian_inspired,False,0,"[""lunch"",""dinner""]","[""vegetarian""]","[{""name"":""Tofu"",""role"":""protein_plant"",""grams"":150,""lookup_terms"":[""tofu nature""]},{""name"":""Pommes de terre"",""role"":""starch"",""grams"":190,""lookup_terms"":[""pomme de terre cuite""]},{""name"":""Chou"",""role"":""vegetable"",""grams"":180,""lookup_terms"":[""chou cuit""]}]",miso doux et gingembre,"[""OLDWAYS_WORLD"",""PNNS_PLATE"",""CIQUAL""]",tee_curated_whitelist,safe_plate,0.92,Assiette TEE construite sur une matrice culinaire validée; publication seulement après résolution CIQUAL forte de chaque composant.,True,east_asian_inspired|protein_plant:tofu|starch:pommes_de_terre|vegetable:chou
TEE-MEAL-180,"Œufs, pommes de terre et champignons · inspiration est-asiatique",composed_plate,,east_asian_inspired,False,0,"[""lunch"",""dinner""]",[],"[{""name"":""Œufs"",""role"":""protein"",""grams"":120,""lookup_terms"":[""oeuf cuit""]},{""name"":""Pommes de terre"",""role"":""starch"",""grams"":190,""lookup_terms"":[""pomme de terre cuite""]},{""name"":""Champignons"",""role"":""vegetable"",""grams"":180,""lookup_terms"":[""champignon cuit""]}]","ail, citron et soja légère","[""OLDWAYS_WORLD"",""PNNS_PLATE"",""CIQUAL""]",tee_curated_whitelist,safe_plate,0.92,Assiette TEE construite sur une matrice culinaire validée; publication seulement après résolution CIQUAL forte de chaque composant.,True,east_asian_inspired|protein:ufs|starch:pommes_de_terre|vegetable:champignons
TEE-MEAL-181,"Poulet citronnelle, riz et chou · inspiration sud-est asiatique",composed_plate,,southeast_asian_inspired,False,0,"[""lunch"",""dinner""]",[],"[{""name"":""Poulet citronnelle"",""role"":""protein"",""grams"":140,""lookup_terms"":[""poulet viande cuite""]},{""name"":""Riz"",""role"":""starch"",""grams"":180,""lookup_terms"":[""riz cuit""]},{""name"":""Chou"",""role"":""vegetable"",""grams"":180,""lookup_terms"":[""chou cuit""]}]","citron vert, gingembre et coriandre","[""OLDWAYS_WORLD"",""PNNS_PLATE"",""CIQUAL""]",tee_curated_whitelist,safe_plate,0.92,Assiette TEE construite sur une matrice culinaire validée; publication seulement après résolution CIQUAL forte de chaque composant.,True,southeast_asian_inspired|protein:poulet_citronnelle|starch:riz|vegetable:chou
TEE-MEAL-182,"Poisson citron vert, riz et carottes · inspiration sud-est asiatique",composed_plate,,southeast_asian_inspired,False,0,"[""lunch"",""dinner""]",[],"[{""name"":""Poisson citron vert"",""role"":""protein"",""grams"":150,""lookup_terms"":[""poisson cuit"",""cabillaud cuit""]},{""name"":""Riz"",""role"":""starch"",""grams"":180,""lookup_terms"":[""riz cuit""]},{""name"":""Carottes"",""role"":""vegetable"",""grams"":180,""lookup_terms"":[""carotte cuite""]}]",curry doux et citron vert,"[""OLDWAYS_WORLD"",""PNNS_PLATE"",""CIQUAL""]",tee_curated_whitelist,safe_plate,0.92,Assiette TEE construite sur une matrice culinaire validée; publication seulement après résolution CIQUAL forte de chaque composant.,True,southeast_asian_inspired|protein:poisson_citron_vert|starch:riz|vegetable:carottes
TEE-MEAL-183,"Crevettes, riz et brocoli · inspiration sud-est asiatique",composed_plate,,southeast_asian_inspired,False,0,"[""lunch"",""dinner""]",[],"[{""name"":""Crevettes"",""role"":""protein"",""grams"":140,""lookup_terms"":[""crevette cuite""]},{""name"":""Riz"",""role"":""starch"",""grams"":180,""lookup_terms"":[""riz cuit""]},{""name"":""Brocoli"",""role"":""vegetable"",""grams"":180,""lookup_terms"":[""brocoli cuit""]}]","ail, basilic et gingembre","[""OLDWAYS_WORLD"",""PNNS_PLATE"",""CIQUAL""]",tee_curated_whitelist,safe_plate,0.92,Assiette TEE construite sur une matrice culinaire validée; publication seulement après résolution CIQUAL forte de chaque composant.,True,southeast_asian_inspired|protein:crevettes|starch:riz|vegetable:brocoli
TEE-MEAL-184,"Tofu, riz et haricots verts · inspiration sud-est asiatique",composed_plate,,southeast_asian_inspired,False,0,"[""lunch"",""dinner""]","[""vegetarian""]","[{""name"":""Tofu"",""role"":""protein_plant"",""grams"":150,""lookup_terms"":[""tofu nature""]},{""name"":""Riz"",""role"":""starch"",""grams"":180,""lookup_terms"":[""riz cuit""]},{""name"":""Haricots verts"",""role"":""vegetable"",""grams"":180,""lookup_terms"":[""haricot vert cuit""]}]",citronnelle et gingembre,"[""OLDWAYS_WORLD"",""PNNS_PLATE"",""CIQUAL""]",tee_curated_whitelist,safe_plate,0.92,Assiette TEE construite sur une matrice culinaire validée; publication seulement après résolution CIQUAL forte de chaque composant.,True,southeast_asian_inspired|protein_plant:tofu|starch:riz|vegetable:haricots_verts
TEE-MEAL-185,"Œufs, riz et chou · inspiration sud-est asiatique",composed_plate,,southeast_asian_inspired,False,0,"[""lunch"",""dinner""]",[],"[{""name"":""Œufs"",""role"":""protein"",""grams"":120,""lookup_terms"":[""oeuf cuit""]},{""name"":""Riz"",""role"":""starch"",""grams"":180,""lookup_terms"":[""riz cuit""]},{""name"":""Chou"",""role"":""vegetable"",""grams"":180,""lookup_terms"":[""chou cuit""]}]","citron vert, gingembre et coriandre","[""OLDWAYS_WORLD"",""PNNS_PLATE"",""CIQUAL""]",tee_curated_whitelist,safe_plate,0.92,Assiette TEE construite sur une matrice culinaire validée; publication seulement après résolution CIQUAL forte de chaque composant.,True,southeast_asian_inspired|protein:ufs|starch:riz|vegetable:chou
TEE-MEAL-186,"Poulet citronnelle, nouilles de riz et brocoli · inspiration sud-est asiatique",composed_plate,,southeast_asian_inspired,False,0,"[""lunch"",""dinner""]",[],"[{""name"":""Poulet citronnelle"",""role"":""protein"",""grams"":140,""lookup_terms"":[""poulet viande cuite""]},{""name"":""Nouilles de riz"",""role"":""starch"",""grams"":180,""lookup_terms"":[""nouilles de riz cuites"",""vermicelle de riz cuit""]},{""name"":""Brocoli"",""role"":""vegetable"",""grams"":180,""lookup_terms"":[""brocoli cuit""]}]",curry doux et citron vert,"[""OLDWAYS_WORLD"",""PNNS_PLATE"",""CIQUAL""]",tee_curated_whitelist,safe_plate,0.92,Assiette TEE construite sur une matrice culinaire validée; publication seulement après résolution CIQUAL forte de chaque composant.,True,southeast_asian_inspired|protein:poulet_citronnelle|starch:nouilles_de_riz|vegetable:brocoli
TEE-MEAL-187,"Poisson citron vert, nouilles de riz et haricots verts · inspiration sud-est asiatique",composed_plate,,southeast_asian_inspired,False,0,"[""lunch"",""dinner""]",[],"[{""name"":""Poisson citron vert"",""role"":""protein"",""grams"":150,""lookup_terms"":[""poisson cuit"",""cabillaud cuit""]},{""name"":""Nouilles de riz"",""role"":""starch"",""grams"":180,""lookup_terms"":[""nouilles de riz cuites"",""vermicelle de riz cuit""]},{""name"":""Haricots verts"",""role"":""vegetable"",""grams"":180,""lookup_terms"":[""haricot vert cuit""]}]","ail, basilic et gingembre","[""OLDWAYS_WORLD"",""PNNS_PLATE"",""CIQUAL""]",tee_curated_whitelist,safe_plate,0.92,Assiette TEE construite sur une matrice culinaire validée; publication seulement après résolution CIQUAL forte de chaque composant.,True,southeast_asian_inspired|protein:poisson_citron_vert|starch:nouilles_de_riz|vegetable:haricots_verts
TEE-MEAL-188,"Crevettes, nouilles de riz et chou · inspiration sud-est asiatique",composed_plate,,southeast_asian_inspired,False,0,"[""lunch"",""dinner""]",[],"[{""name"":""Crevettes"",""role"":""protein"",""grams"":140,""lookup_terms"":[""crevette cuite""]},{""name"":""Nouilles de riz"",""role"":""starch"",""grams"":180,""lookup_terms"":[""nouilles de riz cuites"",""vermicelle de riz cuit""]},{""name"":""Chou"",""role"":""vegetable"",""grams"":180,""lookup_terms"":[""chou cuit""]}]",citronnelle et gingembre,"[""OLDWAYS_WORLD"",""PNNS_PLATE"",""CIQUAL""]",tee_curated_whitelist,safe_plate,0.92,Assiette TEE construite sur une matrice culinaire validée; publication seulement après résolution CIQUAL forte de chaque composant.,True,southeast_asian_inspired|protein:crevettes|starch:nouilles_de_riz|vegetable:chou
TEE-MEAL-189,"Tofu, nouilles de riz et carottes · inspiration sud-est asiatique",composed_plate,,southeast_asian_inspired,False,0,"[""lunch"",""dinner""]","[""vegetarian""]","[{""name"":""Tofu"",""role"":""protein_plant"",""grams"":150,""lookup_terms"":[""tofu nature""]},{""name"":""Nouilles de riz"",""role"":""starch"",""grams"":180,""lookup_terms"":[""nouilles de riz cuites"",""vermicelle de riz cuit""]},{""name"":""Carottes"",""role"":""vegetable"",""grams"":180,""lookup_terms"":[""carotte cuite""]}]","citron vert, gingembre et coriandre","[""OLDWAYS_WORLD"",""PNNS_PLATE"",""CIQUAL""]",tee_curated_whitelist,safe_plate,0.92,Assiette TEE construite sur une matrice culinaire validée; publication seulement après résolution CIQUAL forte de chaque composant.,True,southeast_asian_inspired|protein_plant:tofu|starch:nouilles_de_riz|vegetable:carottes
TEE-MEAL-190,"Œufs, nouilles de riz et brocoli · inspiration sud-est asiatique",composed_plate,,southeast_asian_inspired,False,0,"[""lunch"",""dinner""]",[],"[{""name"":""Œufs"",""role"":""protein"",""grams"":120,""lookup_terms"":[""oeuf cuit""]},{""name"":""Nouilles de riz"",""role"":""starch"",""grams"":180,""lookup_terms"":[""nouilles de riz cuites"",""vermicelle de riz cuit""]},{""name"":""Brocoli"",""role"":""vegetable"",""grams"":180,""lookup_terms"":[""brocoli cuit""]}]",curry doux et citron vert,"[""OLDWAYS_WORLD"",""PNNS_PLATE"",""CIQUAL""]",tee_curated_whitelist,safe_plate,0.92,Assiette TEE construite sur une matrice culinaire validée; publication seulement après résolution CIQUAL forte de chaque composant.,True,southeast_asian_inspired|protein:ufs|starch:nouilles_de_riz|vegetable:brocoli
TEE-MEAL-191,"Poulet citronnelle, patate douce et chou · inspiration sud-est asiatique",composed_plate,,southeast_asian_inspired,False,0,"[""lunch"",""dinner""]",[],"[{""name"":""Poulet citronnelle"",""role"":""protein"",""grams"":140,""lookup_terms"":[""poulet viande cuite""]},{""name"":""Patate douce"",""role"":""starch"",""grams"":190,""lookup_terms"":[""patate douce cuite""]},{""name"":""Chou"",""role"":""vegetable"",""grams"":180,""lookup_terms"":[""chou cuit""]}]","ail, basilic et gingembre","[""OLDWAYS_WORLD"",""PNNS_PLATE"",""CIQUAL""]",tee_curated_whitelist,safe_plate,0.92,Assiette TEE construite sur une matrice culinaire validée; publication seulement après résolution CIQUAL forte de chaque composant.,True,southeast_asian_inspired|protein:poulet_citronnelle|starch:patate_douce|vegetable:chou
TEE-MEAL-192,"Poisson citron vert, patate douce et carottes · inspiration sud-est asiatique",composed_plate,,southeast_asian_inspired,False,0,"[""lunch"",""dinner""]",[],"[{""name"":""Poisson citron vert"",""role"":""protein"",""grams"":150,""lookup_terms"":[""poisson cuit"",""cabillaud cuit""]},{""name"":""Patate douce"",""role"":""starch"",""grams"":190,""lookup_terms"":[""patate douce cuite""]},{""name"":""Carottes"",""role"":""vegetable"",""grams"":180,""lookup_terms"":[""carotte cuite""]}]",citronnelle et gingembre,"[""OLDWAYS_WORLD"",""PNNS_PLATE"",""CIQUAL""]",tee_curated_whitelist,safe_plate,0.92,Assiette TEE construite sur une matrice culinaire validée; publication seulement après résolution CIQUAL forte de chaque composant.,True,southeast_asian_inspired|protein:poisson_citron_vert|starch:patate_douce|vegetable:carottes
TEE-MEAL-193,"Crevettes, patate douce et brocoli · inspiration sud-est asiatique",composed_plate,,southeast_asian_inspired,False,0,"[""lunch"",""dinner""]",[],"[{""name"":""Crevettes"",""role"":""protein"",""grams"":140,""lookup_terms"":[""crevette cuite""]},{""name"":""Patate douce"",""role"":""starch"",""grams"":190,""lookup_terms"":[""patate douce cuite""]},{""name"":""Brocoli"",""role"":""vegetable"",""grams"":180,""lookup_terms"":[""brocoli cuit""]}]","citron vert, gingembre et coriandre","[""OLDWAYS_WORLD"",""PNNS_PLATE"",""CIQUAL""]",tee_curated_whitelist,safe_plate,0.92,Assiette TEE construite sur une matrice culinaire validée; publication seulement après résolution CIQUAL forte de chaque composant.,True,southeast_asian_inspired|protein:crevettes|starch:patate_douce|vegetable:brocoli
TEE-MEAL-194,"Tofu, patate douce et haricots verts · inspiration sud-est asiatique",composed_plate,,southeast_asian_inspired,False,0,"[""lunch"",""dinner""]","[""vegetarian""]","[{""name"":""Tofu"",""role"":""protein_plant"",""grams"":150,""lookup_terms"":[""tofu nature""]},{""name"":""Patate douce"",""role"":""starch"",""grams"":190,""lookup_terms"":[""patate douce cuite""]},{""name"":""Haricots verts"",""role"":""vegetable"",""grams"":180,""lookup_terms"":[""haricot vert cuit""]}]",curry doux et citron vert,"[""OLDWAYS_WORLD"",""PNNS_PLATE"",""CIQUAL""]",tee_curated_whitelist,safe_plate,0.92,Assiette TEE construite sur une matrice culinaire validée; publication seulement après résolution CIQUAL forte de chaque composant.,True,southeast_asian_inspired|protein_plant:tofu|starch:patate_douce|vegetable:haricots_verts
TEE-MEAL-195,"Œufs, patate douce et chou · inspiration sud-est asiatique",composed_plate,,southeast_asian_inspired,False,0,"[""lunch"",""dinner""]",[],"[{""name"":""Œufs"",""role"":""protein"",""grams"":120,""lookup_terms"":[""oeuf cuit""]},{""name"":""Patate douce"",""role"":""starch"",""grams"":190,""lookup_terms"":[""patate douce cuite""]},{""name"":""Chou"",""role"":""vegetable"",""grams"":180,""lookup_terms"":[""chou cuit""]}]","ail, basilic et gingembre","[""OLDWAYS_WORLD"",""PNNS_PLATE"",""CIQUAL""]",tee_curated_whitelist,safe_plate,0.92,Assiette TEE construite sur une matrice culinaire validée; publication seulement après résolution CIQUAL forte de chaque composant.,True,southeast_asian_inspired|protein:ufs|starch:patate_douce|vegetable:chou
TEE-MEAL-196,"Poulet citronnelle, quinoa et brocoli · inspiration sud-est asiatique",composed_plate,,southeast_asian_inspired,False,0,"[""lunch"",""dinner""]",[],"[{""name"":""Poulet citronnelle"",""role"":""protein"",""grams"":140,""lookup_terms"":[""poulet viande cuite""]},{""name"":""Quinoa"",""role"":""starch"",""grams"":170,""lookup_terms"":[""quinoa cuit""]},{""name"":""Brocoli"",""role"":""vegetable"",""grams"":180,""lookup_terms"":[""brocoli cuit""]}]",citronnelle et gingembre,"[""OLDWAYS_WORLD"",""PNNS_PLATE"",""CIQUAL""]",tee_curated_whitelist,safe_plate,0.92,Assiette TEE construite sur une matrice culinaire validée; publication seulement après résolution CIQUAL forte de chaque composant.,True,southeast_asian_inspired|protein:poulet_citronnelle|starch:quinoa|vegetable:brocoli
TEE-MEAL-197,"Poisson citron vert, quinoa et haricots verts · inspiration sud-est asiatique",composed_plate,,southeast_asian_inspired,False,0,"[""lunch"",""dinner""]",[],"[{""name"":""Poisson citron vert"",""role"":""protein"",""grams"":150,""lookup_terms"":[""poisson cuit"",""cabillaud cuit""]},{""name"":""Quinoa"",""role"":""starch"",""grams"":170,""lookup_terms"":[""quinoa cuit""]},{""name"":""Haricots verts"",""role"":""vegetable"",""grams"":180,""lookup_terms"":[""haricot vert cuit""]}]","citron vert, gingembre et coriandre","[""OLDWAYS_WORLD"",""PNNS_PLATE"",""CIQUAL""]",tee_curated_whitelist,safe_plate,0.92,Assiette TEE construite sur une matrice culinaire validée; publication seulement après résolution CIQUAL forte de chaque composant.,True,southeast_asian_inspired|protein:poisson_citron_vert|starch:quinoa|vegetable:haricots_verts
TEE-MEAL-198,"Crevettes, quinoa et chou · inspiration sud-est asiatique",composed_plate,,southeast_asian_inspired,False,0,"[""lunch"",""dinner""]",[],"[{""name"":""Crevettes"",""role"":""protein"",""grams"":140,""lookup_terms"":[""crevette cuite""]},{""name"":""Quinoa"",""role"":""starch"",""grams"":170,""lookup_terms"":[""quinoa cuit""]},{""name"":""Chou"",""role"":""vegetable"",""grams"":180,""lookup_terms"":[""chou cuit""]}]",curry doux et citron vert,"[""OLDWAYS_WORLD"",""PNNS_PLATE"",""CIQUAL""]",tee_curated_whitelist,safe_plate,0.92,Assiette TEE construite sur une matrice culinaire validée; publication seulement après résolution CIQUAL forte de chaque composant.,True,southeast_asian_inspired|protein:crevettes|starch:quinoa|vegetable:chou
TEE-MEAL-199,"Tofu, quinoa et carottes · inspiration sud-est asiatique",composed_plate,,southeast_asian_inspired,False,0,"[""lunch"",""dinner""]","[""vegetarian""]","[{""name"":""Tofu"",""role"":""protein_plant"",""grams"":150,""lookup_terms"":[""tofu nature""]},{""name"":""Quinoa"",""role"":""starch"",""grams"":170,""lookup_terms"":[""quinoa cuit""]},{""name"":""Carottes"",""role"":""vegetable"",""grams"":180,""lookup_terms"":[""carotte cuite""]}]","ail, basilic et gingembre","[""OLDWAYS_WORLD"",""PNNS_PLATE"",""CIQUAL""]",tee_curated_whitelist,safe_plate,0.92,Assiette TEE construite sur une matrice culinaire validée; publication seulement après résolution CIQUAL forte de chaque composant.,True,southeast_asian_inspired|protein_plant:tofu|starch:quinoa|vegetable:carottes
TEE-MEAL-200,"Œufs, quinoa et brocoli · inspiration sud-est asiatique",composed_plate,,southeast_asian_inspired,False,0,"[""lunch"",""dinner""]",[],"[{""name"":""Œufs"",""role"":""protein"",""grams"":120,""lookup_terms"":[""oeuf cuit""]},{""name"":""Quinoa"",""role"":""starch"",""grams"":170,""lookup_terms"":[""quinoa cuit""]},{""name"":""Brocoli"",""role"":""vegetable"",""grams"":180,""lookup_terms"":[""brocoli cuit""]}]",citronnelle et gingembre,"[""OLDWAYS_WORLD"",""PNNS_PLATE"",""CIQUAL""]",tee_curated_whitelist,safe_plate,0.92,Assiette TEE construite sur une matrice culinaire validée; publication seulement après résolution CIQUAL forte de chaque composant.,True,southeast_asian_inspired|protein:ufs|starch:quinoa|vegetable:brocoli
TEE-MEAL-201,"Saumon à l’aneth, pommes de terre et poireaux · inspiration nordique",composed_plate,,nordic_inspired,False,0,"[""lunch"",""dinner""]",[],"[{""name"":""Saumon à l’aneth"",""role"":""protein"",""grams"":150,""lookup_terms"":[""saumon cuit""]},{""name"":""Pommes de terre"",""role"":""starch"",""grams"":190,""lookup_terms"":[""pomme de terre cuite""]},{""name"":""Poireaux"",""role"":""vegetable"",""grams"":180,""lookup_terms"":[""poireau cuit""]}]","aneth, citron et moutarde douce","[""OLDWAYS_WORLD"",""PNNS_PLATE"",""CIQUAL""]",tee_curated_whitelist,safe_plate,0.92,Assiette TEE construite sur une matrice culinaire validée; publication seulement après résolution CIQUAL forte de chaque composant.,True,nordic_inspired|protein:saumon_a_l_aneth|starch:pommes_de_terre|vegetable:poireaux
TEE-MEAL-202,"Cabillaud, pommes de terre et carottes · inspiration nordique",composed_plate,,nordic_inspired,False,0,"[""lunch"",""dinner""]",[],"[{""name"":""Cabillaud"",""role"":""protein"",""grams"":150,""lookup_terms"":[""cabillaud cuit""]},{""name"":""Pommes de terre"",""role"":""starch"",""grams"":190,""lookup_terms"":[""pomme de terre cuite""]},{""name"":""Carottes"",""role"":""vegetable"",""grams"":180,""lookup_terms"":[""carotte cuite""]}]","persil, citron et poivre","[""OLDWAYS_WORLD"",""PNNS_PLATE"",""CIQUAL""]",tee_curated_whitelist,safe_plate,0.92,Assiette TEE construite sur une matrice culinaire validée; publication seulement après résolution CIQUAL forte de chaque composant.,True,nordic_inspired|protein:cabillaud|starch:pommes_de_terre|vegetable:carottes
TEE-MEAL-203,"Poulet rôti, pommes de terre et chou · inspiration nordique",composed_plate,,nordic_inspired,False,0,"[""lunch"",""dinner""]",[],"[{""name"":""Poulet rôti"",""role"":""protein"",""grams"":140,""lookup_terms"":[""poulet viande cuite""]},{""name"":""Pommes de terre"",""role"":""starch"",""grams"":190,""lookup_terms"":[""pomme de terre cuite""]},{""name"":""Chou"",""role"":""vegetable"",""grams"":180,""lookup_terms"":[""chou cuit""]}]",aneth et raifort doux,"[""OLDWAYS_WORLD"",""PNNS_PLATE"",""CIQUAL""]",tee_curated_whitelist,safe_plate,0.92,Assiette TEE construite sur une matrice culinaire validée; publication seulement après résolution CIQUAL forte de chaque composant.,True,nordic_inspired|protein:poulet_roti|starch:pommes_de_terre|vegetable:chou
TEE-MEAL-204,"Œufs, pommes de terre et betteraves · inspiration nordique",composed_plate,,nordic_inspired,False,0,"[""lunch"",""dinner""]",[],"[{""name"":""Œufs"",""role"":""protein"",""grams"":120,""lookup_terms"":[""oeuf cuit""]},{""name"":""Pommes de terre"",""role"":""starch"",""grams"":190,""lookup_terms"":[""pomme de terre cuite""]},{""name"":""Betteraves"",""role"":""vegetable"",""grams"":180,""lookup_terms"":[""betterave cuite""]}]",thym et citron,"[""OLDWAYS_WORLD"",""PNNS_PLATE"",""CIQUAL""]",tee_curated_whitelist,safe_plate,0.92,Assiette TEE construite sur une matrice culinaire validée; publication seulement après résolution CIQUAL forte de chaque composant.,True,nordic_inspired|protein:ufs|starch:pommes_de_terre|vegetable:betteraves
TEE-MEAL-205,"Lentilles, pommes de terre et poireaux · inspiration nordique",composed_plate,,nordic_inspired,False,0,"[""lunch"",""dinner""]","[""vegetarian""]","[{""name"":""Lentilles"",""role"":""protein_plant"",""grams"":160,""lookup_terms"":[""lentille cuite""]},{""name"":""Pommes de terre"",""role"":""starch"",""grams"":190,""lookup_terms"":[""pomme de terre cuite""]},{""name"":""Poireaux"",""role"":""vegetable"",""grams"":180,""lookup_terms"":[""poireau cuit""]}]","aneth, citron et moutarde douce","[""OLDWAYS_WORLD"",""PNNS_PLATE"",""CIQUAL""]",tee_curated_whitelist,safe_plate,0.92,Assiette TEE construite sur une matrice culinaire validée; publication seulement après résolution CIQUAL forte de chaque composant.,True,nordic_inspired|protein_plant:lentilles|starch:pommes_de_terre|vegetable:poireaux
TEE-MEAL-206,"Saumon à l’aneth, orge et chou · inspiration nordique",composed_plate,,nordic_inspired,False,0,"[""lunch"",""dinner""]",[],"[{""name"":""Saumon à l’aneth"",""role"":""protein"",""grams"":150,""lookup_terms"":[""saumon cuit""]},{""name"":""Orge"",""role"":""starch"",""grams"":170,""lookup_terms"":[""orge perlé cuit"",""orge cuit""]},{""name"":""Chou"",""role"":""vegetable"",""grams"":180,""lookup_terms"":[""chou cuit""]}]","persil, citron et poivre","[""OLDWAYS_WORLD"",""PNNS_PLATE"",""CIQUAL""]",tee_curated_whitelist,safe_plate,0.92,Assiette TEE construite sur une matrice culinaire validée; publication seulement après résolution CIQUAL forte de chaque composant.,True,nordic_inspired|protein:saumon_a_l_aneth|starch:orge|vegetable:chou
TEE-MEAL-207,"Cabillaud, orge et betteraves · inspiration nordique",composed_plate,,nordic_inspired,False,0,"[""lunch"",""dinner""]",[],"[{""name"":""Cabillaud"",""role"":""protein"",""grams"":150,""lookup_terms"":[""cabillaud cuit""]},{""name"":""Orge"",""role"":""starch"",""grams"":170,""lookup_terms"":[""orge perlé cuit"",""orge cuit""]},{""name"":""Betteraves"",""role"":""vegetable"",""grams"":180,""lookup_terms"":[""betterave cuite""]}]",aneth et raifort doux,"[""OLDWAYS_WORLD"",""PNNS_PLATE"",""CIQUAL""]",tee_curated_whitelist,safe_plate,0.92,Assiette TEE construite sur une matrice culinaire validée; publication seulement après résolution CIQUAL forte de chaque composant.,True,nordic_inspired|protein:cabillaud|starch:orge|vegetable:betteraves
TEE-MEAL-208,"Poulet rôti, orge et poireaux · inspiration nordique",composed_plate,,nordic_inspired,False,0,"[""lunch"",""dinner""]",[],"[{""name"":""Poulet rôti"",""role"":""protein"",""grams"":140,""lookup_terms"":[""poulet viande cuite""]},{""name"":""Orge"",""role"":""starch"",""grams"":170,""lookup_terms"":[""orge perlé cuit"",""orge cuit""]},{""name"":""Poireaux"",""role"":""vegetable"",""grams"":180,""lookup_terms"":[""poireau cuit""]}]",thym et citron,"[""OLDWAYS_WORLD"",""PNNS_PLATE"",""CIQUAL""]",tee_curated_whitelist,safe_plate,0.92,Assiette TEE construite sur une matrice culinaire validée; publication seulement après résolution CIQUAL forte de chaque composant.,True,nordic_inspired|protein:poulet_roti|starch:orge|vegetable:poireaux
TEE-MEAL-209,"Œufs, orge et carottes · inspiration nordique",composed_plate,,nordic_inspired,False,0,"[""lunch"",""dinner""]",[],"[{""name"":""Œufs"",""role"":""protein"",""grams"":120,""lookup_terms"":[""oeuf cuit""]},{""name"":""Orge"",""role"":""starch"",""grams"":170,""lookup_terms"":[""orge perlé cuit"",""orge cuit""]},{""name"":""Carottes"",""role"":""vegetable"",""grams"":180,""lookup_terms"":[""carotte cuite""]}]","aneth, citron et moutarde douce","[""OLDWAYS_WORLD"",""PNNS_PLATE"",""CIQUAL""]",tee_curated_whitelist,safe_plate,0.92,Assiette TEE construite sur une matrice culinaire validée; publication seulement après résolution CIQUAL forte de chaque composant.,True,nordic_inspired|protein:ufs|starch:orge|vegetable:carottes
TEE-MEAL-210,"Lentilles, orge et chou · inspiration nordique",composed_plate,,nordic_inspired,False,0,"[""lunch"",""dinner""]","[""vegetarian""]","[{""name"":""Lentilles"",""role"":""protein_plant"",""grams"":160,""lookup_terms"":[""lentille cuite""]},{""name"":""Orge"",""role"":""starch"",""grams"":170,""lookup_terms"":[""orge perlé cuit"",""orge cuit""]},{""name"":""Chou"",""role"":""vegetable"",""grams"":180,""lookup_terms"":[""chou cuit""]}]","persil, citron et poivre","[""OLDWAYS_WORLD"",""PNNS_PLATE"",""CIQUAL""]",tee_curated_whitelist,safe_plate,0.92,Assiette TEE construite sur une matrice culinaire validée; publication seulement après résolution CIQUAL forte de chaque composant.,True,nordic_inspired|protein_plant:lentilles|starch:orge|vegetable:chou
TEE-MEAL-211,"Saumon à l’aneth, quinoa et poireaux · inspiration nordique",composed_plate,,nordic_inspired,False,0,"[""lunch"",""dinner""]",[],"[{""name"":""Saumon à l’aneth"",""role"":""protein"",""grams"":150,""lookup_terms"":[""saumon cuit""]},{""name"":""Quinoa"",""role"":""starch"",""grams"":170,""lookup_terms"":[""quinoa cuit""]},{""name"":""Poireaux"",""role"":""vegetable"",""grams"":180,""lookup_terms"":[""poireau cuit""]}]",aneth et raifort doux,"[""OLDWAYS_WORLD"",""PNNS_PLATE"",""CIQUAL""]",tee_curated_whitelist,safe_plate,0.92,Assiette TEE construite sur une matrice culinaire validée; publication seulement après résolution CIQUAL forte de chaque composant.,True,nordic_inspired|protein:saumon_a_l_aneth|starch:quinoa|vegetable:poireaux
TEE-MEAL-212,"Cabillaud, quinoa et carottes · inspiration nordique",composed_plate,,nordic_inspired,False,0,"[""lunch"",""dinner""]",[],"[{""name"":""Cabillaud"",""role"":""protein"",""grams"":150,""lookup_terms"":[""cabillaud cuit""]},{""name"":""Quinoa"",""role"":""starch"",""grams"":170,""lookup_terms"":[""quinoa cuit""]},{""name"":""Carottes"",""role"":""vegetable"",""grams"":180,""lookup_terms"":[""carotte cuite""]}]",thym et citron,"[""OLDWAYS_WORLD"",""PNNS_PLATE"",""CIQUAL""]",tee_curated_whitelist,safe_plate,0.92,Assiette TEE construite sur une matrice culinaire validée; publication seulement après résolution CIQUAL forte de chaque composant.,True,nordic_inspired|protein:cabillaud|starch:quinoa|vegetable:carottes
TEE-MEAL-213,"Poulet rôti, quinoa et chou · inspiration nordique",composed_plate,,nordic_inspired,False,0,"[""lunch"",""dinner""]",[],"[{""name"":""Poulet rôti"",""role"":""protein"",""grams"":140,""lookup_terms"":[""poulet viande cuite""]},{""name"":""Quinoa"",""role"":""starch"",""grams"":170,""lookup_terms"":[""quinoa cuit""]},{""name"":""Chou"",""role"":""vegetable"",""grams"":180,""lookup_terms"":[""chou cuit""]}]","aneth, citron et moutarde douce","[""OLDWAYS_WORLD"",""PNNS_PLATE"",""CIQUAL""]",tee_curated_whitelist,safe_plate,0.92,Assiette TEE construite sur une matrice culinaire validée; publication seulement après résolution CIQUAL forte de chaque composant.,True,nordic_inspired|protein:poulet_roti|starch:quinoa|vegetable:chou
TEE-MEAL-214,"Œufs, quinoa et betteraves · inspiration nordique",composed_plate,,nordic_inspired,False,0,"[""lunch"",""dinner""]",[],"[{""name"":""Œufs"",""role"":""protein"",""grams"":120,""lookup_terms"":[""oeuf cuit""]},{""name"":""Quinoa"",""role"":""starch"",""grams"":170,""lookup_terms"":[""quinoa cuit""]},{""name"":""Betteraves"",""role"":""vegetable"",""grams"":180,""lookup_terms"":[""betterave cuite""]}]","persil, citron et poivre","[""OLDWAYS_WORLD"",""PNNS_PLATE"",""CIQUAL""]",tee_curated_whitelist,safe_plate,0.92,Assiette TEE construite sur une matrice culinaire validée; publication seulement après résolution CIQUAL forte de chaque composant.,True,nordic_inspired|protein:ufs|starch:quinoa|vegetable:betteraves
TEE-MEAL-215,"Lentilles, quinoa et poireaux · inspiration nordique",composed_plate,,nordic_inspired,False,0,"[""lunch"",""dinner""]","[""vegetarian""]","[{""name"":""Lentilles"",""role"":""protein_plant"",""grams"":160,""lookup_terms"":[""lentille cuite""]},{""name"":""Quinoa"",""role"":""starch"",""grams"":170,""lookup_terms"":[""quinoa cuit""]},{""name"":""Poireaux"",""role"":""vegetable"",""grams"":180,""lookup_terms"":[""poireau cuit""]}]",aneth et raifort doux,"[""OLDWAYS_WORLD"",""PNNS_PLATE"",""CIQUAL""]",tee_curated_whitelist,safe_plate,0.92,Assiette TEE construite sur une matrice culinaire validée; publication seulement après résolution CIQUAL forte de chaque composant.,True,nordic_inspired|protein_plant:lentilles|starch:quinoa|vegetable:poireaux
TEE-MEAL-216,"Saumon à l’aneth, pain de seigle et chou · inspiration nordique",composed_plate,,nordic_inspired,False,0,"[""lunch"",""dinner""]",[],"[{""name"":""Saumon à l’aneth"",""role"":""protein"",""grams"":150,""lookup_terms"":[""saumon cuit""]},{""name"":""Pain de seigle"",""role"":""starch"",""grams"":80,""lookup_terms"":[""pain de seigle""]},{""name"":""Chou"",""role"":""vegetable"",""grams"":180,""lookup_terms"":[""chou cuit""]}]",thym et citron,"[""OLDWAYS_WORLD"",""PNNS_PLATE"",""CIQUAL""]",tee_curated_whitelist,safe_plate,0.92,Assiette TEE construite sur une matrice culinaire validée; publication seulement après résolution CIQUAL forte de chaque composant.,True,nordic_inspired|protein:saumon_a_l_aneth|starch:pain_de_seigle|vegetable:chou
TEE-MEAL-217,"Cabillaud, pain de seigle et betteraves · inspiration nordique",composed_plate,,nordic_inspired,False,0,"[""lunch"",""dinner""]",[],"[{""name"":""Cabillaud"",""role"":""protein"",""grams"":150,""lookup_terms"":[""cabillaud cuit""]},{""name"":""Pain de seigle"",""role"":""starch"",""grams"":80,""lookup_terms"":[""pain de seigle""]},{""name"":""Betteraves"",""role"":""vegetable"",""grams"":180,""lookup_terms"":[""betterave cuite""]}]","aneth, citron et moutarde douce","[""OLDWAYS_WORLD"",""PNNS_PLATE"",""CIQUAL""]",tee_curated_whitelist,safe_plate,0.92,Assiette TEE construite sur une matrice culinaire validée; publication seulement après résolution CIQUAL forte de chaque composant.,True,nordic_inspired|protein:cabillaud|starch:pain_de_seigle|vegetable:betteraves
TEE-MEAL-218,"Poulet rôti, pain de seigle et poireaux · inspiration nordique",composed_plate,,nordic_inspired,False,0,"[""lunch"",""dinner""]",[],"[{""name"":""Poulet rôti"",""role"":""protein"",""grams"":140,""lookup_terms"":[""poulet viande cuite""]},{""name"":""Pain de seigle"",""role"":""starch"",""grams"":80,""lookup_terms"":[""pain de seigle""]},{""name"":""Poireaux"",""role"":""vegetable"",""grams"":180,""lookup_terms"":[""poireau cuit""]}]","persil, citron et poivre","[""OLDWAYS_WORLD"",""PNNS_PLATE"",""CIQUAL""]",tee_curated_whitelist,safe_plate,0.92,Assiette TEE construite sur une matrice culinaire validée; publication seulement après résolution CIQUAL forte de chaque composant.,True,nordic_inspired|protein:poulet_roti|starch:pain_de_seigle|vegetable:poireaux
TEE-MEAL-219,"Œufs, pain de seigle et carottes · inspiration nordique",composed_plate,,nordic_inspired,False,0,"[""lunch"",""dinner""]",[],"[{""name"":""Œufs"",""role"":""protein"",""grams"":120,""lookup_terms"":[""oeuf cuit""]},{""name"":""Pain de seigle"",""role"":""starch"",""grams"":80,""lookup_terms"":[""pain de seigle""]},{""name"":""Carottes"",""role"":""vegetable"",""grams"":180,""lookup_terms"":[""carotte cuite""]}]",aneth et raifort doux,"[""OLDWAYS_WORLD"",""PNNS_PLATE"",""CIQUAL""]",tee_curated_whitelist,safe_plate,0.92,Assiette TEE construite sur une matrice culinaire validée; publication seulement après résolution CIQUAL forte de chaque composant.,True,nordic_inspired|protein:ufs|starch:pain_de_seigle|vegetable:carottes
TEE-MEAL-220,"Lentilles, pain de seigle et chou · inspiration nordique",composed_plate,,nordic_inspired,False,0,"[""lunch"",""dinner""]","[""vegetarian""]","[{""name"":""Lentilles"",""role"":""protein_plant"",""grams"":160,""lookup_terms"":[""lentille cuite""]},{""name"":""Pain de seigle"",""role"":""starch"",""grams"":80,""lookup_terms"":[""pain de seigle""]},{""name"":""Chou"",""role"":""vegetable"",""grams"":180,""lookup_terms"":[""chou cuit""]}]",thym et citron,"[""OLDWAYS_WORLD"",""PNNS_PLATE"",""CIQUAL""]",tee_curated_whitelist,safe_plate,0.92,Assiette TEE construite sur une matrice culinaire validée; publication seulement après résolution CIQUAL forte de chaque composant.,True,nordic_inspired|protein_plant:lentilles|starch:pain_de_seigle|vegetable:chou
TEE-MEAL-221,"Poulet rôti, pommes de terre et champignons · inspiration familiale française",composed_plate,,french_home,False,0,"[""lunch"",""dinner""]",[],"[{""name"":""Poulet rôti"",""role"":""protein"",""grams"":140,""lookup_terms"":[""poulet viande cuite""]},{""name"":""Pommes de terre"",""role"":""starch"",""grams"":190,""lookup_terms"":[""pomme de terre cuite""]},{""name"":""Champignons"",""role"":""vegetable"",""grams"":180,""lookup_terms"":[""champignon cuit""]}]",persil et citron,"[""PNNS_RECIPES"",""PNNS_PLATE"",""CIQUAL""]",tee_curated_whitelist,safe_plate,0.92,Assiette TEE construite sur une matrice culinaire validée; publication seulement après résolution CIQUAL forte de chaque composant.,True,french_home|protein:poulet_roti|starch:pommes_de_terre|vegetable:champignons
TEE-MEAL-222,"Cabillaud, pommes de terre et haricots verts · inspiration familiale française",composed_plate,,french_home,False,0,"[""lunch"",""dinner""]",[],"[{""name"":""Cabillaud"",""role"":""protein"",""grams"":150,""lookup_terms"":[""cabillaud cuit""]},{""name"":""Pommes de terre"",""role"":""starch"",""grams"":190,""lookup_terms"":[""pomme de terre cuite""]},{""name"":""Haricots verts"",""role"":""vegetable"",""grams"":180,""lookup_terms"":[""haricot vert cuit""]}]",moutarde douce et thym,"[""PNNS_RECIPES"",""PNNS_PLATE"",""CIQUAL""]",tee_curated_whitelist,safe_plate,0.92,Assiette TEE construite sur une matrice culinaire validée; publication seulement après résolution CIQUAL forte de chaque composant.,True,french_home|protein:cabillaud|starch:pommes_de_terre|vegetable:haricots_verts
TEE-MEAL-223,"Bœuf mijoté, pommes de terre et poireaux · inspiration familiale française",composed_plate,,french_home,False,0,"[""lunch"",""dinner""]",[],"[{""name"":""Bœuf mijoté"",""role"":""protein"",""grams"":140,""lookup_terms"":[""boeuf viande cuite""]},{""name"":""Pommes de terre"",""role"":""starch"",""grams"":190,""lookup_terms"":[""pomme de terre cuite""]},{""name"":""Poireaux"",""role"":""vegetable"",""grams"":180,""lookup_terms"":[""poireau cuit""]}]",ail et fines herbes,"[""PNNS_RECIPES"",""PNNS_PLATE"",""CIQUAL""]",tee_curated_whitelist,safe_plate,0.92,Assiette TEE construite sur une matrice culinaire validée; publication seulement après résolution CIQUAL forte de chaque composant.,True,french_home|protein:b_uf_mijote|starch:pommes_de_terre|vegetable:poireaux
TEE-MEAL-224,"Omelette, pommes de terre et carottes · inspiration familiale française",composed_plate,,french_home,False,0,"[""lunch"",""dinner""]",[],"[{""name"":""Omelette"",""role"":""protein"",""grams"":120,""lookup_terms"":[""omelette nature"",""oeuf cuit""]},{""name"":""Pommes de terre"",""role"":""starch"",""grams"":190,""lookup_terms"":[""pomme de terre cuite""]},{""name"":""Carottes"",""role"":""vegetable"",""grams"":180,""lookup_terms"":[""carotte cuite""]}]",tomate et herbes,"[""PNNS_RECIPES"",""PNNS_PLATE"",""CIQUAL""]",tee_curated_whitelist,safe_plate,0.92,Assiette TEE construite sur une matrice culinaire validée; publication seulement après résolution CIQUAL forte de chaque composant.,True,french_home|protein:omelette|starch:pommes_de_terre|vegetable:carottes
TEE-MEAL-225,"Lentilles, pommes de terre et champignons · inspiration familiale française",composed_plate,,french_home,False,0,"[""lunch"",""dinner""]","[""vegetarian""]","[{""name"":""Lentilles"",""role"":""protein_plant"",""grams"":160,""lookup_terms"":[""lentille cuite""]},{""name"":""Pommes de terre"",""role"":""starch"",""grams"":190,""lookup_terms"":[""pomme de terre cuite""]},{""name"":""Champignons"",""role"":""vegetable"",""grams"":180,""lookup_terms"":[""champignon cuit""]}]",persil et citron,"[""PNNS_RECIPES"",""PNNS_PLATE"",""CIQUAL""]",tee_curated_whitelist,safe_plate,0.92,Assiette TEE construite sur une matrice culinaire validée; publication seulement après résolution CIQUAL forte de chaque composant.,True,french_home|protein_plant:lentilles|starch:pommes_de_terre|vegetable:champignons
TEE-MEAL-226,"Poulet rôti, pâtes complètes et poireaux · inspiration familiale française",composed_plate,,french_home,False,0,"[""lunch"",""dinner""]",[],"[{""name"":""Poulet rôti"",""role"":""protein"",""grams"":140,""lookup_terms"":[""poulet viande cuite""]},{""name"":""Pâtes complètes"",""role"":""starch"",""grams"":180,""lookup_terms"":[""pâtes complètes cuites"",""pâtes alimentaires cuites""]},{""name"":""Poireaux"",""role"":""vegetable"",""grams"":180,""lookup_terms"":[""poireau cuit""]}]",moutarde douce et thym,"[""PNNS_RECIPES"",""PNNS_PLATE"",""CIQUAL""]",tee_curated_whitelist,safe_plate,0.92,Assiette TEE construite sur une matrice culinaire validée; publication seulement après résolution CIQUAL forte de chaque composant.,True,french_home|protein:poulet_roti|starch:pates_completes|vegetable:poireaux
TEE-MEAL-227,"Cabillaud, pâtes complètes et carottes · inspiration familiale française",composed_plate,,french_home,False,0,"[""lunch"",""dinner""]",[],"[{""name"":""Cabillaud"",""role"":""protein"",""grams"":150,""lookup_terms"":[""cabillaud cuit""]},{""name"":""Pâtes complètes"",""role"":""starch"",""grams"":180,""lookup_terms"":[""pâtes complètes cuites"",""pâtes alimentaires cuites""]},{""name"":""Carottes"",""role"":""vegetable"",""grams"":180,""lookup_terms"":[""carotte cuite""]}]",ail et fines herbes,"[""PNNS_RECIPES"",""PNNS_PLATE"",""CIQUAL""]",tee_curated_whitelist,safe_plate,0.92,Assiette TEE construite sur une matrice culinaire validée; publication seulement après résolution CIQUAL forte de chaque composant.,True,french_home|protein:cabillaud|starch:pates_completes|vegetable:carottes
TEE-MEAL-228,"Bœuf mijoté, pâtes complètes et champignons · inspiration familiale française",composed_plate,,french_home,False,0,"[""lunch"",""dinner""]",[],"[{""name"":""Bœuf mijoté"",""role"":""protein"",""grams"":140,""lookup_terms"":[""boeuf viande cuite""]},{""name"":""Pâtes complètes"",""role"":""starch"",""grams"":180,""lookup_terms"":[""pâtes complètes cuites"",""pâtes alimentaires cuites""]},{""name"":""Champignons"",""role"":""vegetable"",""grams"":180,""lookup_terms"":[""champignon cuit""]}]",tomate et herbes,"[""PNNS_RECIPES"",""PNNS_PLATE"",""CIQUAL""]",tee_curated_whitelist,safe_plate,0.92,Assiette TEE construite sur une matrice culinaire validée; publication seulement après résolution CIQUAL forte de chaque composant.,True,french_home|protein:b_uf_mijote|starch:pates_completes|vegetable:champignons
TEE-MEAL-229,"Omelette, pâtes complètes et haricots verts · inspiration familiale française",composed_plate,,french_home,False,0,"[""lunch"",""dinner""]",[],"[{""name"":""Omelette"",""role"":""protein"",""grams"":120,""lookup_terms"":[""omelette nature"",""oeuf cuit""]},{""name"":""Pâtes complètes"",""role"":""starch"",""grams"":180,""lookup_terms"":[""pâtes complètes cuites"",""pâtes alimentaires cuites""]},{""name"":""Haricots verts"",""role"":""vegetable"",""grams"":180,""lookup_terms"":[""haricot vert cuit""]}]",persil et citron,"[""PNNS_RECIPES"",""PNNS_PLATE"",""CIQUAL""]",tee_curated_whitelist,safe_plate,0.92,Assiette TEE construite sur une matrice culinaire validée; publication seulement après résolution CIQUAL forte de chaque composant.,True,french_home|protein:omelette|starch:pates_completes|vegetable:haricots_verts
TEE-MEAL-230,"Lentilles, pâtes complètes et poireaux · inspiration familiale française",composed_plate,,french_home,False,0,"[""lunch"",""dinner""]","[""vegetarian""]","[{""name"":""Lentilles"",""role"":""protein_plant"",""grams"":160,""lookup_terms"":[""lentille cuite""]},{""name"":""Pâtes complètes"",""role"":""starch"",""grams"":180,""lookup_terms"":[""pâtes complètes cuites"",""pâtes alimentaires cuites""]},{""name"":""Poireaux"",""role"":""vegetable"",""grams"":180,""lookup_terms"":[""poireau cuit""]}]",moutarde douce et thym,"[""PNNS_RECIPES"",""PNNS_PLATE"",""CIQUAL""]",tee_curated_whitelist,safe_plate,0.92,Assiette TEE construite sur une matrice culinaire validée; publication seulement après résolution CIQUAL forte de chaque composant.,True,french_home|protein_plant:lentilles|starch:pates_completes|vegetable:poireaux
TEE-MEAL-231,"Poulet rôti, riz et champignons · inspiration familiale française",composed_plate,,french_home,False,0,"[""lunch"",""dinner""]",[],"[{""name"":""Poulet rôti"",""role"":""protein"",""grams"":140,""lookup_terms"":[""poulet viande cuite""]},{""name"":""Riz"",""role"":""starch"",""grams"":180,""lookup_terms"":[""riz cuit""]},{""name"":""Champignons"",""role"":""vegetable"",""grams"":180,""lookup_terms"":[""champignon cuit""]}]",ail et fines herbes,"[""PNNS_RECIPES"",""PNNS_PLATE"",""CIQUAL""]",tee_curated_whitelist,safe_plate,0.92,Assiette TEE construite sur une matrice culinaire validée; publication seulement après résolution CIQUAL forte de chaque composant.,True,french_home|protein:poulet_roti|starch:riz|vegetable:champignons
TEE-MEAL-232,"Cabillaud, riz et haricots verts · inspiration familiale française",composed_plate,,french_home,False,0,"[""lunch"",""dinner""]",[],"[{""name"":""Cabillaud"",""role"":""protein"",""grams"":150,""lookup_terms"":[""cabillaud cuit""]},{""name"":""Riz"",""role"":""starch"",""grams"":180,""lookup_terms"":[""riz cuit""]},{""name"":""Haricots verts"",""role"":""vegetable"",""grams"":180,""lookup_terms"":[""haricot vert cuit""]}]",tomate et herbes,"[""PNNS_RECIPES"",""PNNS_PLATE"",""CIQUAL""]",tee_curated_whitelist,safe_plate,0.92,Assiette TEE construite sur une matrice culinaire validée; publication seulement après résolution CIQUAL forte de chaque composant.,True,french_home|protein:cabillaud|starch:riz|vegetable:haricots_verts
TEE-MEAL-233,"Bœuf mijoté, riz et poireaux · inspiration familiale française",composed_plate,,french_home,False,0,"[""lunch"",""dinner""]",[],"[{""name"":""Bœuf mijoté"",""role"":""protein"",""grams"":140,""lookup_terms"":[""boeuf viande cuite""]},{""name"":""Riz"",""role"":""starch"",""grams"":180,""lookup_terms"":[""riz cuit""]},{""name"":""Poireaux"",""role"":""vegetable"",""grams"":180,""lookup_terms"":[""poireau cuit""]}]",persil et citron,"[""PNNS_RECIPES"",""PNNS_PLATE"",""CIQUAL""]",tee_curated_whitelist,safe_plate,0.92,Assiette TEE construite sur une matrice culinaire validée; publication seulement après résolution CIQUAL forte de chaque composant.,True,french_home|protein:b_uf_mijote|starch:riz|vegetable:poireaux
TEE-MEAL-234,"Omelette, riz et carottes · inspiration familiale française",composed_plate,,french_home,False,0,"[""lunch"",""dinner""]",[],"[{""name"":""Omelette"",""role"":""protein"",""grams"":120,""lookup_terms"":[""omelette nature"",""oeuf cuit""]},{""name"":""Riz"",""role"":""starch"",""grams"":180,""lookup_terms"":[""riz cuit""]},{""name"":""Carottes"",""role"":""vegetable"",""grams"":180,""lookup_terms"":[""carotte cuite""]}]",moutarde douce et thym,"[""PNNS_RECIPES"",""PNNS_PLATE"",""CIQUAL""]",tee_curated_whitelist,safe_plate,0.92,Assiette TEE construite sur une matrice culinaire validée; publication seulement après résolution CIQUAL forte de chaque composant.,True,french_home|protein:omelette|starch:riz|vegetable:carottes
TEE-MEAL-235,"Lentilles, riz et champignons · inspiration familiale française",composed_plate,,french_home,False,0,"[""lunch"",""dinner""]","[""vegetarian""]","[{""name"":""Lentilles"",""role"":""protein_plant"",""grams"":160,""lookup_terms"":[""lentille cuite""]},{""name"":""Riz"",""role"":""starch"",""grams"":180,""lookup_terms"":[""riz cuit""]},{""name"":""Champignons"",""role"":""vegetable"",""grams"":180,""lookup_terms"":[""champignon cuit""]}]",ail et fines herbes,"[""PNNS_RECIPES"",""PNNS_PLATE"",""CIQUAL""]",tee_curated_whitelist,safe_plate,0.92,Assiette TEE construite sur une matrice culinaire validée; publication seulement après résolution CIQUAL forte de chaque composant.,True,french_home|protein_plant:lentilles|starch:riz|vegetable:champignons
TEE-MEAL-236,"Poulet rôti, boulgour et poireaux · inspiration familiale française",composed_plate,,french_home,False,0,"[""lunch"",""dinner""]",[],"[{""name"":""Poulet rôti"",""role"":""protein"",""grams"":140,""lookup_terms"":[""poulet viande cuite""]},{""name"":""Boulgour"",""role"":""starch"",""grams"":170,""lookup_terms"":[""boulgour cuit""]},{""name"":""Poireaux"",""role"":""vegetable"",""grams"":180,""lookup_terms"":[""poireau cuit""]}]",tomate et herbes,"[""PNNS_RECIPES"",""PNNS_PLATE"",""CIQUAL""]",tee_curated_whitelist,safe_plate,0.92,Assiette TEE construite sur une matrice culinaire validée; publication seulement après résolution CIQUAL forte de chaque composant.,True,french_home|protein:poulet_roti|starch:boulgour|vegetable:poireaux
TEE-MEAL-237,"Cabillaud, boulgour et carottes · inspiration familiale française",composed_plate,,french_home,False,0,"[""lunch"",""dinner""]",[],"[{""name"":""Cabillaud"",""role"":""protein"",""grams"":150,""lookup_terms"":[""cabillaud cuit""]},{""name"":""Boulgour"",""role"":""starch"",""grams"":170,""lookup_terms"":[""boulgour cuit""]},{""name"":""Carottes"",""role"":""vegetable"",""grams"":180,""lookup_terms"":[""carotte cuite""]}]",persil et citron,"[""PNNS_RECIPES"",""PNNS_PLATE"",""CIQUAL""]",tee_curated_whitelist,safe_plate,0.92,Assiette TEE construite sur une matrice culinaire validée; publication seulement après résolution CIQUAL forte de chaque composant.,True,french_home|protein:cabillaud|starch:boulgour|vegetable:carottes
TEE-MEAL-238,"Bœuf mijoté, boulgour et champignons · inspiration familiale française",composed_plate,,french_home,False,0,"[""lunch"",""dinner""]",[],"[{""name"":""Bœuf mijoté"",""role"":""protein"",""grams"":140,""lookup_terms"":[""boeuf viande cuite""]},{""name"":""Boulgour"",""role"":""starch"",""grams"":170,""lookup_terms"":[""boulgour cuit""]},{""name"":""Champignons"",""role"":""vegetable"",""grams"":180,""lookup_terms"":[""champignon cuit""]}]",moutarde douce et thym,"[""PNNS_RECIPES"",""PNNS_PLATE"",""CIQUAL""]",tee_curated_whitelist,safe_plate,0.92,Assiette TEE construite sur une matrice culinaire validée; publication seulement après résolution CIQUAL forte de chaque composant.,True,french_home|protein:b_uf_mijote|starch:boulgour|vegetable:champignons
TEE-MEAL-239,"Omelette, boulgour et haricots verts · inspiration familiale française",composed_plate,,french_home,False,0,"[""lunch"",""dinner""]",[],"[{""name"":""Omelette"",""role"":""protein"",""grams"":120,""lookup_terms"":[""omelette nature"",""oeuf cuit""]},{""name"":""Boulgour"",""role"":""starch"",""grams"":170,""lookup_terms"":[""boulgour cuit""]},{""name"":""Haricots verts"",""role"":""vegetable"",""grams"":180,""lookup_terms"":[""haricot vert cuit""]}]",ail et fines herbes,"[""PNNS_RECIPES"",""PNNS_PLATE"",""CIQUAL""]",tee_curated_whitelist,safe_plate,0.92,Assiette TEE construite sur une matrice culinaire validée; publication seulement après résolution CIQUAL forte de chaque composant.,True,french_home|protein:omelette|starch:boulgour|vegetable:haricots_verts
TEE-MEAL-240,"Lentilles, boulgour et poireaux · inspiration familiale française",composed_plate,,french_home,False,0,"[""lunch"",""dinner""]","[""vegetarian""]","[{""name"":""Lentilles"",""role"":""protein_plant"",""grams"":160,""lookup_terms"":[""lentille cuite""]},{""name"":""Boulgour"",""role"":""starch"",""grams"":170,""lookup_terms"":[""boulgour cuit""]},{""name"":""Poireaux"",""role"":""vegetable"",""grams"":180,""lookup_terms"":[""poireau cuit""]}]",tomate et herbes,"[""PNNS_RECIPES"",""PNNS_PLATE"",""CIQUAL""]",tee_curated_whitelist,safe_plate,0.92,Assiette TEE construite sur une matrice culinaire validée; publication seulement après résolution CIQUAL forte de chaque composant.,True,french_home|protein_plant:lentilles|starch:boulgour|vegetable:poireaux
TEE-MEAL-241,Poulet DG — Cameroun,composed_plate,Cameroon,central_african,True,2,"[""lunch"",""dinner""]",[],"[{""name"":""Poulet mijoté"",""role"":""protein"",""grams"":150,""lookup_terms"":[""poulet viande cuite""]},{""name"":""Plantain mûr"",""role"":""starch"",""grams"":180,""lookup_terms"":[""banane plantain cuite""]},{""name"":""Carottes"",""role"":""vegetable"",""grams"":85,""lookup_terms"":[""carotte cuite""]},{""name"":""poivrons"",""role"":""vegetable"",""grams"":85,""lookup_terms"":[""poivron cuit""]}]",Recette traditionnelle ou adaptation explicitement nommée.,"[""TEE_EXISTING"",""CIQUAL""]",culinary_documented,existing_strict_preferred,0.82,Une version whole-dish strictement chiffrée existe déjà dans le catalogue externe; ce doublon éditorial reste désactivé.,False,central_african|protein:poulet_mijote|starch:plantain_mur|vegetable:carottes|vegetable:poivrons
TEE-MEAL-242,Mafé poulet & riz — Sénégal,composed_plate,Senegal,west_african,True,2,"[""lunch"",""dinner""]",[],"[{""name"":""Poulet"",""role"":""protein"",""grams"":140,""lookup_terms"":[""poulet viande cuite""]},{""name"":""Riz"",""role"":""starch"",""grams"":180,""lookup_terms"":[""riz cuit""]},{""name"":""Légumes en sauce arachide"",""role"":""vegetable"",""grams"":180,""lookup_terms"":[""carotte cuite"",""tomate cuite""]}]",Recette traditionnelle ou adaptation explicitement nommée.,"[""TEE_EXISTING"",""CIQUAL""]",culinary_documented,existing_strict_preferred,0.82,Une version whole-dish strictement chiffrée existe déjà dans le catalogue externe; ce doublon éditorial reste désactivé.,False,west_african|protein:poulet|starch:riz|vegetable:legumes_en_sauce_arachide
TEE-MEAL-243,Poulet yassa & boulgour — Sénégal,composed_plate,Senegal,west_african,True,2,"[""lunch"",""dinner""]",[],"[{""name"":""Poulet"",""role"":""protein"",""grams"":140,""lookup_terms"":[""poulet viande cuite""]},{""name"":""Boulgour"",""role"":""starch"",""grams"":180,""lookup_terms"":[""boulgour cuit""]},{""name"":""Oignons"",""role"":""aromatic"",""grams"":85,""lookup_terms"":[""poivron cuit""]},{""name"":""poivrons"",""role"":""vegetable"",""grams"":85,""lookup_terms"":[""oignon cuit""]}]","citron, oignons fondants et moutarde douce","[""TEE_EXISTING"",""CIQUAL""]",culinary_documented,existing_strict_preferred,0.82,Une version whole-dish strictement chiffrée existe déjà dans le catalogue externe; ce doublon éditorial reste désactivé.,False,west_african|aromatic:oignons|protein:poulet|starch:boulgour|vegetable:poivrons
TEE-MEAL-244,Garba — Côte d’Ivoire,composed_plate,Ivory Coast,west_african,True,2,"[""lunch"",""dinner""]",[],"[{""name"":""Thon frit"",""role"":""protein"",""grams"":150,""lookup_terms"":[""thon cuit""]},{""name"":""Attiéké"",""role"":""starch"",""grams"":200,""lookup_terms"":[""attiéké"",""semoule de manioc""]},{""name"":""Tomate"",""role"":""vegetable"",""grams"":70,""lookup_terms"":[""tomate crue""]},{""name"":""oignon"",""role"":""vegetable"",""grams"":70,""lookup_terms"":[""oignon cru""]}]",Recette traditionnelle ou adaptation explicitement nommée.,"[""OLDWAYS_AFRICA"",""CIQUAL""]",culinary_documented,manual_specific,0.82,Plat nommé: composants structurés; les plats spécifiques de niveau 2 restent en revue manuelle par défaut.,True,west_african|protein:thon_frit|starch:attieke|vegetable:oignon|vegetable:tomate
TEE-MEAL-245,Alloco & poulet braisé — Côte d’Ivoire,composed_plate,Ivory Coast,west_african,True,2,"[""lunch"",""dinner""]",[],"[{""name"":""Poulet braisé"",""role"":""protein"",""grams"":150,""lookup_terms"":[""poulet viande cuite""]},{""name"":""Plantain frit"",""role"":""starch"",""grams"":180,""lookup_terms"":[""banane plantain frite"",""banane plantain cuite""]},{""name"":""Salade tomate-oignon"",""role"":""vegetable"",""grams"":150,""lookup_terms"":[""tomate crue"",""oignon cru""]}]",Recette traditionnelle ou adaptation explicitement nommée.,"[""OLDWAYS_AFRICA"",""CIQUAL""]",culinary_documented,manual_specific,0.82,Plat nommé: composants structurés; les plats spécifiques de niveau 2 restent en revue manuelle par défaut.,True,west_african|protein:poulet_braise|starch:plantain_frit|vegetable:salade_tomate_oignon
TEE-MEAL-246,Sauce gombo au poisson & couscous de manioc — Cameroun,composed_plate,Cameroon,central_african,True,2,"[""lunch"",""dinner""]",[],"[{""name"":""Poisson"",""role"":""protein"",""grams"":150,""lookup_terms"":[""poisson cuit"",""cabillaud cuit""]},{""name"":""Couscous de manioc"",""role"":""starch"",""grams"":200,""lookup_terms"":[""manioc cuit"",""fufu de manioc""]},{""name"":""Gombo en sauce"",""role"":""vegetable"",""grams"":180,""lookup_terms"":[""gombo cuit""]}]",Recette traditionnelle ou adaptation explicitement nommée.,"[""OLDWAYS_AFRICA"",""CIQUAL""]",culinary_documented,manual_specific,0.82,Plat nommé: composants structurés; les plats spécifiques de niveau 2 restent en revue manuelle par défaut.,True,central_african|protein:poisson|starch:couscous_de_manioc|vegetable:gombo_en_sauce
TEE-MEAL-247,Ndolé au poisson & plantain — Cameroun,composed_plate,Cameroon,central_african,True,2,"[""lunch"",""dinner""]",[],"[{""name"":""Poisson"",""role"":""protein"",""grams"":150,""lookup_terms"":[""poisson cuit""]},{""name"":""Plantain"",""role"":""starch"",""grams"":180,""lookup_terms"":[""banane plantain cuite""]},{""name"":""Feuilles amères"",""role"":""vegetable"",""grams"":180,""lookup_terms"":[""feuilles de manioc cuites"",""épinard cuit""]},{""name"":""Pâte d’arachide"",""role"":""sauce_component"",""grams"":35,""lookup_terms"":[""pâte arachide"",""beurre de cacahuète sans sucre"",""arachide""]}]",Recette traditionnelle ou adaptation explicitement nommée.,"[""OLDWAYS_AFRICA"",""CIQUAL""]",culinary_documented,manual_specific,0.82,Plat nommé: composants structurés; les plats spécifiques de niveau 2 restent en revue manuelle par défaut.,True,central_african|protein:poisson|sauce_component:pate_d_arachide|starch:plantain|vegetable:feuilles_ameres
TEE-MEAL-248,Thiéboudiène — Sénégal,composed_plate,Senegal,west_african,True,2,"[""lunch"",""dinner""]",[],"[{""name"":""Poisson"",""role"":""protein"",""grams"":150,""lookup_terms"":[""poisson cuit""]},{""name"":""Riz"",""role"":""starch"",""grams"":180,""lookup_terms"":[""riz cuit""]},{""name"":""Carotte"",""role"":""vegetable"",""grams"":90,""lookup_terms"":[""carotte cuite""]},{""name"":""chou"",""role"":""vegetable"",""grams"":90,""lookup_terms"":[""chou cuit""]}]",Recette traditionnelle ou adaptation explicitement nommée.,"[""OLDWAYS_AFRICA"",""CIQUAL""]",culinary_documented,manual_specific,0.82,Plat nommé: composants structurés; les plats spécifiques de niveau 2 restent en revue manuelle par défaut.,True,west_african|protein:poisson|starch:riz|vegetable:carotte|vegetable:chou
TEE-MEAL-249,Jollof rice au poulet — Afrique de l’Ouest,composed_plate,West Africa,west_african,True,2,"[""lunch"",""dinner""]",[],"[{""name"":""Poulet"",""role"":""protein"",""grams"":140,""lookup_terms"":[""poulet viande cuite""]},{""name"":""Riz tomate"",""role"":""starch"",""grams"":190,""lookup_terms"":[""riz cuit""]},{""name"":""Poivrons"",""role"":""vegetable"",""grams"":170,""lookup_terms"":[""poivron cuit""]}]",Recette traditionnelle ou adaptation explicitement nommée.,"[""OLDWAYS_AFRICA"",""CIQUAL""]",culinary_documented,manual_specific,0.82,Plat nommé: composants structurés; les plats spécifiques de niveau 2 restent en revue manuelle par défaut.,True,west_african|protein:poulet|starch:riz_tomate|vegetable:poivrons
TEE-MEAL-250,"Waakye, œuf et chou — Ghana",composed_plate,Ghana,west_african,True,2,"[""lunch"",""dinner""]",[],"[{""name"":""Œufs"",""role"":""protein"",""grams"":120,""lookup_terms"":[""oeuf cuit""]},{""name"":""Riz"",""role"":""starch"",""grams"":105,""lookup_terms"":[""riz cuit""]},{""name"":""haricots"",""role"":""protein_plant"",""grams"":105,""lookup_terms"":[""haricot cornille cuit""]},{""name"":""Chou"",""role"":""vegetable"",""grams"":160,""lookup_terms"":[""chou cuit""]}]",Recette traditionnelle ou adaptation explicitement nommée.,"[""OLDWAYS_AFRICA"",""CIQUAL""]",culinary_documented,manual_specific,0.82,Plat nommé: composants structurés; les plats spécifiques de niveau 2 restent en revue manuelle par défaut.,True,west_african|protein:ufs|protein_plant:haricots|starch:riz|vegetable:chou
TEE-MEAL-251,"Egusi, légumes-feuilles & igname pilée — Nigeria",composed_plate,Nigeria,west_african,True,2,"[""lunch"",""dinner""]",[],"[{""name"":""Poisson"",""role"":""protein"",""grams"":140,""lookup_terms"":[""poisson cuit""]},{""name"":""Igname pilée"",""role"":""starch"",""grams"":200,""lookup_terms"":[""igname cuite""]},{""name"":""Légumes-feuilles"",""role"":""vegetable"",""grams"":180,""lookup_terms"":[""épinard cuit""]}]",Recette traditionnelle ou adaptation explicitement nommée.,"[""OLDWAYS_AFRICA"",""CIQUAL""]",culinary_documented,manual_specific,0.82,Plat nommé: composants structurés; les plats spécifiques de niveau 2 restent en revue manuelle par défaut.,True,west_african|protein:poisson|starch:igname_pilee|vegetable:legumes_feuilles
TEE-MEAL-252,Poulet moambe & riz — Congo,composed_plate,Congo,central_african,True,2,"[""lunch"",""dinner""]",[],"[{""name"":""Poulet"",""role"":""protein"",""grams"":150,""lookup_terms"":[""poulet viande cuite""]},{""name"":""Riz"",""role"":""starch"",""grams"":180,""lookup_terms"":[""riz cuit""]},{""name"":""Épinards"",""role"":""vegetable"",""grams"":170,""lookup_terms"":[""épinard cuit""]}]",Recette traditionnelle ou adaptation explicitement nommée.,"[""OLDWAYS_AFRICA"",""CIQUAL""]",culinary_documented,manual_specific,0.82,Plat nommé: composants structurés; les plats spécifiques de niveau 2 restent en revue manuelle par défaut.,True,central_african|protein:poulet|starch:riz|vegetable:epinards
TEE-MEAL-253,Pilau au poulet & légumes — Afrique de l’Est,composed_plate,East Africa,east_african,True,2,"[""lunch"",""dinner""]",[],"[{""name"":""Poulet"",""role"":""protein"",""grams"":140,""lookup_terms"":[""poulet viande cuite""]},{""name"":""Riz pilau"",""role"":""starch"",""grams"":190,""lookup_terms"":[""riz cuit""]},{""name"":""Carottes"",""role"":""vegetable"",""grams"":170,""lookup_terms"":[""carotte cuite""]}]",Recette traditionnelle ou adaptation explicitement nommée.,"[""OLDWAYS_AFRICA"",""CIQUAL""]",culinary_documented,manual_specific,0.82,Plat nommé: composants structurés; les plats spécifiques de niveau 2 restent en revue manuelle par défaut.,True,east_african|protein:poulet|starch:riz_pilau|vegetable:carottes
TEE-MEAL-254,Injera aux lentilles et épinards — Éthiopie,composed_plate,Ethiopia,east_african,True,2,"[""lunch"",""dinner""]","[""vegetarian""]","[{""name"":""Lentilles épicées"",""role"":""protein_plant"",""grams"":170,""lookup_terms"":[""lentille cuite""]},{""name"":""Injera"",""role"":""starch"",""grams"":170,""lookup_terms"":[""injera"",""galette de teff""]},{""name"":""Épinards"",""role"":""vegetable"",""grams"":170,""lookup_terms"":[""épinard cuit""]}]",Recette traditionnelle ou adaptation explicitement nommée.,"[""OLDWAYS_AFRICA"",""CIQUAL""]",culinary_documented,manual_specific,0.82,Plat nommé: composants structurés; les plats spécifiques de niveau 2 restent en revue manuelle par défaut.,True,east_african|protein_plant:lentilles_epicees|starch:injera|vegetable:epinards
TEE-MEAL-255,Couscous au poulet et légumes — Maghreb,composed_plate,Maghreb,maghreb,False,0,"[""lunch"",""dinner""]",[],"[{""name"":""Poulet"",""role"":""protein"",""grams"":140,""lookup_terms"":[""poulet viande cuite""]},{""name"":""Semoule de couscous"",""role"":""starch"",""grams"":190,""lookup_terms"":[""couscous cuit"",""semoule cuite""]},{""name"":""Carotte"",""role"":""vegetable"",""grams"":100,""lookup_terms"":[""carotte cuite""]},{""name"":""courgette"",""role"":""vegetable"",""grams"":100,""lookup_terms"":[""courgette cuite""]}]",Recette traditionnelle ou adaptation explicitement nommée.,"[""UNESCO_COUSCOUS"",""CIQUAL""]",culinary_documented,canonical_mainstream,0.94,Plat nommé: composants structurés; les plats spécifiques de niveau 2 restent en revue manuelle par défaut.,True,maghreb|protein:poulet|starch:semoule_de_couscous|vegetable:carotte|vegetable:courgette
TEE-MEAL-256,"Tajine de poulet, carottes et semoule — Maroc",composed_plate,Morocco,maghreb,False,0,"[""lunch"",""dinner""]",[],"[{""name"":""Poulet"",""role"":""protein"",""grams"":140,""lookup_terms"":[""poulet viande cuite""]},{""name"":""Semoule"",""role"":""starch"",""grams"":180,""lookup_terms"":[""semoule cuite""]},{""name"":""Carottes"",""role"":""vegetable"",""grams"":190,""lookup_terms"":[""carotte cuite""]}]",Recette traditionnelle ou adaptation explicitement nommée.,"[""PNNS_RECIPES"",""CIQUAL""]",culinary_documented,canonical_mainstream,0.94,Plat nommé: composants structurés; les plats spécifiques de niveau 2 restent en revue manuelle par défaut.,True,maghreb|protein:poulet|starch:semoule|vegetable:carottes
TEE-MEAL-257,Harira tomate & lentilles — Maroc,composed_plate,Morocco,maghreb,False,1,"[""lunch"",""dinner""]","[""vegetarian""]","[{""name"":""Lentilles"",""role"":""protein_plant"",""grams"":90,""lookup_terms"":[""lentille cuite""]},{""name"":""pois chiches"",""role"":""protein_plant"",""grams"":90,""lookup_terms"":[""pois chiche cuit""]},{""name"":""Vermicelles"",""role"":""starch"",""grams"":120,""lookup_terms"":[""vermicelle cuit""]},{""name"":""Tomate"",""role"":""vegetable"",""grams"":190,""lookup_terms"":[""tomate cuite""]}]",Recette traditionnelle ou adaptation explicitement nommée.,"[""TEE_EXISTING"",""CIQUAL""]",culinary_documented,existing_strict_preferred,0.9,Une version whole-dish strictement chiffrée existe déjà dans le catalogue externe; ce doublon éditorial reste désactivé.,False,maghreb|protein_plant:lentilles|protein_plant:pois_chiches|starch:vermicelles|vegetable:tomate
TEE-MEAL-258,Shakshuka & pain complet — Maghreb,composed_plate,Maghreb,maghreb,False,0,"[""lunch"",""dinner""]",[],"[{""name"":""Œufs"",""role"":""protein"",""grams"":120,""lookup_terms"":[""oeuf cuit""]},{""name"":""Pain complet"",""role"":""starch"",""grams"":80,""lookup_terms"":[""pain complet""]},{""name"":""Tomate"",""role"":""vegetable"",""grams"":100,""lookup_terms"":[""tomate cuite""]},{""name"":""poivron"",""role"":""vegetable"",""grams"":100,""lookup_terms"":[""poivron cuit""]}]",Recette traditionnelle ou adaptation explicitement nommée.,"[""PNNS_RECIPES"",""CIQUAL""]",culinary_documented,canonical_mainstream,0.94,Plat nommé: composants structurés; les plats spécifiques de niveau 2 restent en revue manuelle par défaut.,True,maghreb|protein:ufs|starch:pain_complet|vegetable:poivron|vegetable:tomate
TEE-MEAL-259,Mujaddara & salade tomate-concombre — Levant,composed_plate,Levant,levantine,False,1,"[""lunch"",""dinner""]","[""vegetarian""]","[{""name"":""Lentilles"",""role"":""protein_plant"",""grams"":170,""lookup_terms"":[""lentille cuite""]},{""name"":""Riz"",""role"":""starch"",""grams"":180,""lookup_terms"":[""riz cuit""]},{""name"":""Tomate"",""role"":""vegetable"",""grams"":90,""lookup_terms"":[""tomate crue""]},{""name"":""concombre"",""role"":""vegetable"",""grams"":90,""lookup_terms"":[""concombre cru""]}]",Recette traditionnelle ou adaptation explicitement nommée.,"[""OLDWAYS_WORLD"",""CIQUAL""]",culinary_documented,canonical_accessible,0.9,Plat nommé: composants structurés; les plats spécifiques de niveau 2 restent en revue manuelle par défaut.,True,levantine|protein_plant:lentilles|starch:riz|vegetable:concombre|vegetable:tomate
TEE-MEAL-260,"Falafels, boulgour et taboulé — Levant",composed_plate,Levant,levantine,False,1,"[""lunch"",""dinner""]","[""vegetarian""]","[{""name"":""Falafels"",""role"":""protein_plant"",""grams"":150,""lookup_terms"":[""falafel"",""beignet de pois chiche""]},{""name"":""Boulgour"",""role"":""starch"",""grams"":170,""lookup_terms"":[""boulgour cuit""]},{""name"":""Tomate"",""role"":""vegetable"",""grams"":180,""lookup_terms"":[""tomate crue""]}]","persil, citron, menthe et épices douces","[""OLDWAYS_WORLD"",""CIQUAL""]",culinary_documented,canonical_accessible,0.9,Plat nommé: composants structurés; les plats spécifiques de niveau 2 restent en revue manuelle par défaut.,True,levantine|protein_plant:falafels|starch:boulgour|vegetable:tomate
TEE-MEAL-261,"Houmous, pita complète et crudités — Levant",composed_plate,Levant,levantine,False,1,"[""lunch"",""dinner""]","[""vegetarian""]","[{""name"":""Houmous"",""role"":""protein_plant"",""grams"":140,""lookup_terms"":[""houmous""]},{""name"":""Pain pita"",""role"":""starch"",""grams"":90,""lookup_terms"":[""pain pita"",""pain complet""]},{""name"":""Concombre"",""role"":""vegetable"",""grams"":100,""lookup_terms"":[""concombre cru""]},{""name"":""tomate"",""role"":""vegetable"",""grams"":100,""lookup_terms"":[""tomate crue""]}]",Recette traditionnelle ou adaptation explicitement nommée.,"[""OLDWAYS_WORLD"",""CIQUAL""]",culinary_documented,canonical_accessible,0.9,Plat nommé: composants structurés; les plats spécifiques de niveau 2 restent en revue manuelle par défaut.,True,levantine|protein_plant:houmous|starch:pain_pita|vegetable:concombre|vegetable:tomate
TEE-MEAL-262,"Kefta, boulgour et courgettes — Moyen-Orient",composed_plate,Middle East,middle_eastern,False,1,"[""lunch"",""dinner""]",[],"[{""name"":""Bœuf haché cuit"",""role"":""protein"",""grams"":140,""lookup_terms"":[""boeuf haché cuit""]},{""name"":""Boulgour"",""role"":""starch"",""grams"":180,""lookup_terms"":[""boulgour cuit""]},{""name"":""Courgettes"",""role"":""vegetable"",""grams"":180,""lookup_terms"":[""courgette cuite""]}]",Recette traditionnelle ou adaptation explicitement nommée.,"[""OLDWAYS_WORLD"",""CIQUAL""]",culinary_documented,canonical_accessible,0.9,Plat nommé: composants structurés; les plats spécifiques de niveau 2 restent en revue manuelle par défaut.,True,middle_eastern|protein:b_uf_hache_cuit|starch:boulgour|vegetable:courgettes
TEE-MEAL-263,Fasolia et riz — Moyen-Orient,composed_plate,Middle East,middle_eastern,False,1,"[""lunch"",""dinner""]","[""vegetarian""]","[{""name"":""Haricots blancs"",""role"":""protein_plant"",""grams"":180,""lookup_terms"":[""haricot blanc cuit""]},{""name"":""Riz"",""role"":""starch"",""grams"":170,""lookup_terms"":[""riz cuit""]},{""name"":""Tomate"",""role"":""vegetable"",""grams"":180,""lookup_terms"":[""tomate cuite""]}]",Recette traditionnelle ou adaptation explicitement nommée.,"[""OLDWAYS_WORLD"",""CIQUAL""]",culinary_documented,canonical_accessible,0.9,Plat nommé: composants structurés; les plats spécifiques de niveau 2 restent en revue manuelle par défaut.,True,middle_eastern|protein_plant:haricots_blancs|starch:riz|vegetable:tomate
TEE-MEAL-264,"Dal de lentilles, riz et épinards — Inde",composed_plate,India,south_asian,False,1,"[""lunch"",""dinner""]","[""vegetarian""]","[{""name"":""Lentilles"",""role"":""protein_plant"",""grams"":180,""lookup_terms"":[""lentille cuite""]},{""name"":""Riz basmati"",""role"":""starch"",""grams"":180,""lookup_terms"":[""riz basmati cuit"",""riz cuit""]},{""name"":""Épinards"",""role"":""vegetable"",""grams"":170,""lookup_terms"":[""épinard cuit""]}]",Recette traditionnelle ou adaptation explicitement nommée.,"[""PNNS_PANTRY"",""CIQUAL""]",culinary_documented,canonical_accessible,0.9,Plat nommé: composants structurés; les plats spécifiques de niveau 2 restent en revue manuelle par défaut.,True,south_asian|protein_plant:lentilles|starch:riz_basmati|vegetable:epinards
TEE-MEAL-265,"Chana masala, riz et chou-fleur — Inde",composed_plate,India,south_asian,False,1,"[""lunch"",""dinner""]","[""vegetarian""]","[{""name"":""Pois chiches"",""role"":""protein_plant"",""grams"":180,""lookup_terms"":[""pois chiche cuit""]},{""name"":""Riz"",""role"":""starch"",""grams"":180,""lookup_terms"":[""riz cuit""]},{""name"":""Chou-fleur"",""role"":""vegetable"",""grams"":170,""lookup_terms"":[""chou fleur cuit""]}]",Recette traditionnelle ou adaptation explicitement nommée.,"[""PNNS_PANTRY"",""CIQUAL""]",culinary_documented,canonical_accessible,0.9,Plat nommé: composants structurés; les plats spécifiques de niveau 2 restent en revue manuelle par défaut.,True,south_asian|protein_plant:pois_chiches|starch:riz|vegetable:chou_fleur
TEE-MEAL-266,Palak paneer & riz — Inde,composed_plate,India,south_asian,False,1,"[""lunch"",""dinner""]",[],"[{""name"":""Paneer"",""role"":""dairy_protein"",""grams"":130,""lookup_terms"":[""paneer"",""fromage type paneer""]},{""name"":""Riz"",""role"":""starch"",""grams"":180,""lookup_terms"":[""riz cuit""]},{""name"":""Épinards"",""role"":""vegetable"",""grams"":200,""lookup_terms"":[""épinard cuit""]}]",Recette traditionnelle ou adaptation explicitement nommée.,"[""OLDWAYS_WORLD"",""CIQUAL""]",culinary_documented,canonical_accessible,0.9,Plat nommé: composants structurés; les plats spécifiques de niveau 2 restent en revue manuelle par défaut.,True,south_asian|dairy_protein:paneer|starch:riz|vegetable:epinards
TEE-MEAL-267,Biryani au poulet & concombre — Inde,composed_plate,India,south_asian,False,1,"[""lunch"",""dinner""]",[],"[{""name"":""Poulet"",""role"":""protein"",""grams"":140,""lookup_terms"":[""poulet viande cuite""]},{""name"":""Riz basmati"",""role"":""starch"",""grams"":200,""lookup_terms"":[""riz basmati cuit"",""riz cuit""]},{""name"":""Concombre"",""role"":""vegetable"",""grams"":160,""lookup_terms"":[""concombre cru""]}]",Recette traditionnelle ou adaptation explicitement nommée.,"[""OLDWAYS_WORLD"",""CIQUAL""]",culinary_documented,canonical_accessible,0.9,Plat nommé: composants structurés; les plats spécifiques de niveau 2 restent en revue manuelle par défaut.,True,south_asian|protein:poulet|starch:riz_basmati|vegetable:concombre
TEE-MEAL-268,"Saumon teriyaki, riz et brocoli — Japon",composed_plate,Japan,east_asian,False,0,"[""lunch"",""dinner""]",[],"[{""name"":""Saumon"",""role"":""protein"",""grams"":150,""lookup_terms"":[""saumon cuit""]},{""name"":""Riz"",""role"":""starch"",""grams"":180,""lookup_terms"":[""riz cuit""]},{""name"":""Brocoli"",""role"":""vegetable"",""grams"":180,""lookup_terms"":[""brocoli cuit""]}]",Recette traditionnelle ou adaptation explicitement nommée.,"[""OLDWAYS_WORLD"",""CIQUAL""]",culinary_documented,canonical_mainstream,0.94,Plat nommé: composants structurés; les plats spécifiques de niveau 2 restent en revue manuelle par défaut.,True,east_asian|protein:saumon|starch:riz|vegetable:brocoli
TEE-MEAL-269,Soba au tofu et champignons — Japon,composed_plate,Japan,east_asian,False,1,"[""lunch"",""dinner""]","[""vegetarian""]","[{""name"":""Tofu"",""role"":""protein_plant"",""grams"":150,""lookup_terms"":[""tofu nature""]},{""name"":""Nouilles soba"",""role"":""starch"",""grams"":180,""lookup_terms"":[""nouilles au sarrasin cuites"",""sarrasin cuit""]},{""name"":""Champignons"",""role"":""vegetable"",""grams"":180,""lookup_terms"":[""champignon cuit""]}]",Recette traditionnelle ou adaptation explicitement nommée.,"[""OLDWAYS_WORLD"",""CIQUAL""]",culinary_documented,canonical_accessible,0.9,Plat nommé: composants structurés; les plats spécifiques de niveau 2 restent en revue manuelle par défaut.,True,east_asian|protein_plant:tofu|starch:nouilles_soba|vegetable:champignons
TEE-MEAL-270,Oyakodon simplifié — Japon,composed_plate,Japan,east_asian,False,1,"[""lunch"",""dinner""]",[],"[{""name"":""Poulet"",""role"":""protein"",""grams"":85,""lookup_terms"":[""poulet viande cuite""]},{""name"":""œuf"",""role"":""protein"",""grams"":85,""lookup_terms"":[""oeuf cuit""]},{""name"":""Riz"",""role"":""starch"",""grams"":190,""lookup_terms"":[""riz cuit""]},{""name"":""Épinards"",""role"":""vegetable"",""grams"":160,""lookup_terms"":[""épinard cuit""]}]",Recette traditionnelle ou adaptation explicitement nommée.,"[""OLDWAYS_WORLD"",""CIQUAL""]",culinary_documented,canonical_accessible,0.9,Plat nommé: composants structurés; les plats spécifiques de niveau 2 restent en revue manuelle par défaut.,True,east_asian|protein:poulet|protein:uf|starch:riz|vegetable:epinards
TEE-MEAL-271,Bibimbap au bœuf — Corée,composed_plate,South Korea,east_asian,False,1,"[""lunch"",""dinner""]",[],"[{""name"":""Bœuf"",""role"":""protein"",""grams"":130,""lookup_terms"":[""boeuf viande cuite""]},{""name"":""Riz"",""role"":""starch"",""grams"":180,""lookup_terms"":[""riz cuit""]},{""name"":""Carotte"",""role"":""vegetable"",""grams"":100,""lookup_terms"":[""carotte cuite""]},{""name"":""épinards"",""role"":""vegetable"",""grams"":100,""lookup_terms"":[""épinard cuit""]}]",Recette traditionnelle ou adaptation explicitement nommée.,"[""OLDWAYS_WORLD"",""CIQUAL""]",culinary_documented,canonical_accessible,0.9,Plat nommé: composants structurés; les plats spécifiques de niveau 2 restent en revue manuelle par défaut.,True,east_asian|protein:b_uf|starch:riz|vegetable:carotte|vegetable:epinards
TEE-MEAL-272,Riz sauté au kimchi et œuf — Corée,composed_plate,South Korea,east_asian,False,1,"[""lunch"",""dinner""]",[],"[{""name"":""Œuf"",""role"":""protein"",""grams"":120,""lookup_terms"":[""oeuf cuit""]},{""name"":""Riz"",""role"":""starch"",""grams"":190,""lookup_terms"":[""riz cuit""]},{""name"":""Chou fermenté"",""role"":""vegetable"",""grams"":160,""lookup_terms"":[""chou fermenté"",""chou cuit""]}]",Recette traditionnelle ou adaptation explicitement nommée.,"[""OLDWAYS_WORLD"",""CIQUAL""]",culinary_documented,canonical_accessible,0.9,Plat nommé: composants structurés; les plats spécifiques de niveau 2 restent en revue manuelle par défaut.,True,east_asian|protein:uf|starch:riz|vegetable:chou_fermente
TEE-MEAL-273,Mapo tofu doux & riz — Chine,composed_plate,China,east_asian,False,1,"[""lunch"",""dinner""]","[""vegetarian""]","[{""name"":""Tofu"",""role"":""protein_plant"",""grams"":170,""lookup_terms"":[""tofu nature""]},{""name"":""Riz"",""role"":""starch"",""grams"":180,""lookup_terms"":[""riz cuit""]},{""name"":""Champignons"",""role"":""vegetable"",""grams"":160,""lookup_terms"":[""champignon cuit""]}]",Recette traditionnelle ou adaptation explicitement nommée.,"[""OLDWAYS_WORLD"",""CIQUAL""]",culinary_documented,canonical_accessible,0.9,Plat nommé: composants structurés; les plats spécifiques de niveau 2 restent en revue manuelle par défaut.,True,east_asian|protein_plant:tofu|starch:riz|vegetable:champignons
TEE-MEAL-274,Nouilles au poulet et brocoli — Chine,composed_plate,China,east_asian,False,0,"[""lunch"",""dinner""]",[],"[{""name"":""Poulet"",""role"":""protein"",""grams"":140,""lookup_terms"":[""poulet viande cuite""]},{""name"":""Nouilles"",""role"":""starch"",""grams"":190,""lookup_terms"":[""nouilles cuites"",""pâtes alimentaires cuites""]},{""name"":""Brocoli"",""role"":""vegetable"",""grams"":180,""lookup_terms"":[""brocoli cuit""]}]",Recette traditionnelle ou adaptation explicitement nommée.,"[""OLDWAYS_WORLD"",""CIQUAL""]",culinary_documented,canonical_mainstream,0.94,Plat nommé: composants structurés; les plats spécifiques de niveau 2 restent en revue manuelle par défaut.,True,east_asian|protein:poulet|starch:nouilles|vegetable:brocoli
TEE-MEAL-275,Pad thaï aux crevettes — Thaïlande,composed_plate,Thailand,southeast_asian,False,0,"[""lunch"",""dinner""]",[],"[{""name"":""Crevettes"",""role"":""protein"",""grams"":140,""lookup_terms"":[""crevette cuite""]},{""name"":""Nouilles de riz"",""role"":""starch"",""grams"":190,""lookup_terms"":[""nouilles de riz cuites"",""vermicelle de riz cuit""]},{""name"":""Pousses de soja"",""role"":""vegetable"",""grams"":160,""lookup_terms"":[""pousse de soja cuite"",""haricot mungo germé""]}]",Recette traditionnelle ou adaptation explicitement nommée.,"[""OLDWAYS_WORLD"",""CIQUAL""]",culinary_documented,existing_strict_preferred,0.94,Une version whole-dish strictement chiffrée existe déjà dans le catalogue externe; ce doublon éditorial reste désactivé.,False,southeast_asian|protein:crevettes|starch:nouilles_de_riz|vegetable:pousses_de_soja
TEE-MEAL-276,Curry vert de tofu & riz — Thaïlande,composed_plate,Thailand,southeast_asian,False,1,"[""lunch"",""dinner""]","[""vegetarian""]","[{""name"":""Tofu"",""role"":""protein_plant"",""grams"":160,""lookup_terms"":[""tofu nature""]},{""name"":""Riz"",""role"":""starch"",""grams"":180,""lookup_terms"":[""riz cuit""]},{""name"":""Haricots verts"",""role"":""vegetable"",""grams"":180,""lookup_terms"":[""haricot vert cuit""]}]",Recette traditionnelle ou adaptation explicitement nommée.,"[""OLDWAYS_WORLD"",""CIQUAL""]",culinary_documented,canonical_accessible,0.9,Plat nommé: composants structurés; les plats spécifiques de niveau 2 restent en revue manuelle par défaut.,True,southeast_asian|protein_plant:tofu|starch:riz|vegetable:haricots_verts
TEE-MEAL-277,Nasi goreng au poulet — Indonésie,composed_plate,Indonesia,southeast_asian,False,1,"[""lunch"",""dinner""]",[],"[{""name"":""Poulet"",""role"":""protein"",""grams"":140,""lookup_terms"":[""poulet viande cuite""]},{""name"":""Riz"",""role"":""starch"",""grams"":190,""lookup_terms"":[""riz cuit""]},{""name"":""Carottes"",""role"":""vegetable"",""grams"":90,""lookup_terms"":[""carotte cuite""]},{""name"":""chou"",""role"":""vegetable"",""grams"":90,""lookup_terms"":[""chou cuit""]}]",Recette traditionnelle ou adaptation explicitement nommée.,"[""OLDWAYS_WORLD"",""CIQUAL""]",culinary_documented,canonical_accessible,0.9,Plat nommé: composants structurés; les plats spécifiques de niveau 2 restent en revue manuelle par défaut.,True,southeast_asian|protein:poulet|starch:riz|vegetable:carottes|vegetable:chou
TEE-MEAL-278,Gado-gado & riz — Indonésie,composed_plate,Indonesia,southeast_asian,False,1,"[""lunch"",""dinner""]","[""vegetarian""]","[{""name"":""Tofu"",""role"":""protein_plant"",""grams"":85,""lookup_terms"":[""tofu nature""]},{""name"":""œuf"",""role"":""protein"",""grams"":85,""lookup_terms"":[""oeuf cuit""]},{""name"":""Riz"",""role"":""starch"",""grams"":170,""lookup_terms"":[""riz cuit""]},{""name"":""Haricots verts"",""role"":""vegetable"",""grams"":100,""lookup_terms"":[""haricot vert cuit""]},{""name"":""chou"",""role"":""vegetable"",""grams"":100,""lookup_terms"":[""chou cuit""]}]",Recette traditionnelle ou adaptation explicitement nommée.,"[""OLDWAYS_WORLD"",""CIQUAL""]",culinary_documented,canonical_accessible,0.9,Plat nommé: composants structurés; les plats spécifiques de niveau 2 restent en revue manuelle par défaut.,True,southeast_asian|protein:uf|protein_plant:tofu|starch:riz|vegetable:chou|vegetable:haricots_verts
TEE-MEAL-279,Phở au bœuf simplifié — Vietnam,composed_plate,Vietnam,southeast_asian,False,1,"[""lunch"",""dinner""]",[],"[{""name"":""Bœuf"",""role"":""protein"",""grams"":130,""lookup_terms"":[""boeuf viande cuite""]},{""name"":""Nouilles de riz"",""role"":""starch"",""grams"":180,""lookup_terms"":[""nouilles de riz cuites"",""vermicelle de riz cuit""]},{""name"":""Pousses de soja"",""role"":""vegetable"",""grams"":150,""lookup_terms"":[""pousse de soja"",""haricot mungo germé""]}]",Recette traditionnelle ou adaptation explicitement nommée.,"[""OLDWAYS_WORLD"",""CIQUAL""]",culinary_documented,canonical_accessible,0.9,Plat nommé: composants structurés; les plats spécifiques de niveau 2 restent en revue manuelle par défaut.,True,southeast_asian|protein:b_uf|starch:nouilles_de_riz|vegetable:pousses_de_soja
TEE-MEAL-280,Chili con carne & riz — Amériques,composed_plate,Americas,latin_american,False,0,"[""lunch"",""dinner""]",[],"[{""name"":""Bœuf"",""role"":""protein"",""grams"":90,""lookup_terms"":[""boeuf haché cuit""]},{""name"":""haricots rouges"",""role"":""protein_plant"",""grams"":90,""lookup_terms"":[""haricot rouge cuit""]},{""name"":""Riz"",""role"":""starch"",""grams"":170,""lookup_terms"":[""riz cuit""]},{""name"":""Tomate"",""role"":""vegetable"",""grams"":95,""lookup_terms"":[""tomate cuite""]},{""name"":""poivron"",""role"":""vegetable"",""grams"":95,""lookup_terms"":[""poivron cuit""]}]",Recette traditionnelle ou adaptation explicitement nommée.,"[""OLDWAYS_LATIN"",""CIQUAL""]",culinary_documented,canonical_mainstream,0.94,Plat nommé: composants structurés; les plats spécifiques de niveau 2 restent en revue manuelle par défaut.,True,latin_american|protein:b_uf|protein_plant:haricots_rouges|starch:riz|vegetable:poivron|vegetable:tomate
TEE-MEAL-281,Chili sin carne & riz — Amériques,composed_plate,Americas,latin_american,False,0,"[""lunch"",""dinner""]","[""vegetarian""]","[{""name"":""Haricots rouges"",""role"":""protein_plant"",""grams"":180,""lookup_terms"":[""haricot rouge cuit""]},{""name"":""Riz"",""role"":""starch"",""grams"":180,""lookup_terms"":[""riz cuit""]},{""name"":""Tomate"",""role"":""vegetable"",""grams"":95,""lookup_terms"":[""tomate cuite""]},{""name"":""poivron"",""role"":""vegetable"",""grams"":95,""lookup_terms"":[""poivron cuit""]}]",Recette traditionnelle ou adaptation explicitement nommée.,"[""OLDWAYS_LATIN"",""CIQUAL""]",culinary_documented,canonical_mainstream,0.94,Plat nommé: composants structurés; les plats spécifiques de niveau 2 restent en revue manuelle par défaut.,True,latin_american|protein_plant:haricots_rouges|starch:riz|vegetable:poivron|vegetable:tomate
TEE-MEAL-282,"Fajitas de poulet, haricots et poivrons — Mexique",composed_plate,Mexico,latin_american,False,0,"[""lunch"",""dinner""]",[],"[{""name"":""Poulet"",""role"":""protein"",""grams"":140,""lookup_terms"":[""poulet viande cuite""]},{""name"":""Tortilla de maïs"",""role"":""starch"",""grams"":100,""lookup_terms"":[""tortilla de maïs"",""galette de maïs""]},{""name"":""Poivrons"",""role"":""vegetable"",""grams"":180,""lookup_terms"":[""poivron cuit""]}]",Recette traditionnelle ou adaptation explicitement nommée.,"[""OLDWAYS_LATIN"",""CIQUAL""]",culinary_documented,canonical_mainstream,0.94,Plat nommé: composants structurés; les plats spécifiques de niveau 2 restent en revue manuelle par défaut.,True,latin_american|protein:poulet|starch:tortilla_de_mais|vegetable:poivrons
TEE-MEAL-283,Tacos de poisson & chou — Mexique,composed_plate,Mexico,latin_american,False,0,"[""lunch"",""dinner""]",[],"[{""name"":""Poisson"",""role"":""protein"",""grams"":150,""lookup_terms"":[""poisson cuit""]},{""name"":""Tortillas de maïs"",""role"":""starch"",""grams"":100,""lookup_terms"":[""tortilla de maïs"",""galette de maïs""]},{""name"":""Chou"",""role"":""vegetable"",""grams"":180,""lookup_terms"":[""chou cru"",""chou cuit""]}]",Recette traditionnelle ou adaptation explicitement nommée.,"[""OLDWAYS_LATIN"",""CIQUAL""]",culinary_documented,canonical_mainstream,0.94,Plat nommé: composants structurés; les plats spécifiques de niveau 2 restent en revue manuelle par défaut.,True,latin_american|protein:poisson|starch:tortillas_de_mais|vegetable:chou
TEE-MEAL-284,"Bowl quinoa, haricots noirs et maïs — Andes",composed_plate,Andes,latin_american,False,1,"[""lunch"",""dinner""]","[""vegetarian""]","[{""name"":""Haricots noirs"",""role"":""protein_plant"",""grams"":170,""lookup_terms"":[""haricot noir cuit"",""haricot rouge cuit""]},{""name"":""Quinoa"",""role"":""starch"",""grams"":180,""lookup_terms"":[""quinoa cuit""]},{""name"":""Maïs"",""role"":""starch"",""grams"":90,""lookup_terms"":[""maïs doux cuit""]},{""name"":""tomate"",""role"":""vegetable"",""grams"":90,""lookup_terms"":[""tomate crue""]}]",Recette traditionnelle ou adaptation explicitement nommée.,"[""OLDWAYS_LATIN"",""CIQUAL""]",culinary_documented,canonical_accessible,0.9,Plat nommé: composants structurés; les plats spécifiques de niveau 2 restent en revue manuelle par défaut.,True,latin_american|protein_plant:haricots_noirs|starch:mais|starch:quinoa|vegetable:tomate
TEE-MEAL-285,Arroz con pollo & petits pois — Amérique latine,composed_plate,Latin America,latin_american,False,1,"[""lunch"",""dinner""]",[],"[{""name"":""Poulet"",""role"":""protein"",""grams"":140,""lookup_terms"":[""poulet viande cuite""]},{""name"":""Riz"",""role"":""starch"",""grams"":190,""lookup_terms"":[""riz cuit""]},{""name"":""Petits pois"",""role"":""vegetable"",""grams"":90,""lookup_terms"":[""petit pois cuit""]},{""name"":""carottes"",""role"":""vegetable"",""grams"":90,""lookup_terms"":[""carotte cuite""]}]",Recette traditionnelle ou adaptation explicitement nommée.,"[""OLDWAYS_LATIN"",""CIQUAL""]",culinary_documented,canonical_accessible,0.9,Plat nommé: composants structurés; les plats spécifiques de niveau 2 restent en revue manuelle par défaut.,True,latin_american|protein:poulet|starch:riz|vegetable:carottes|vegetable:petits_pois
TEE-MEAL-286,"Feijoada, riz et chou — Brésil",composed_plate,Brazil,latin_american,False,1,"[""lunch"",""dinner""]",[],"[{""name"":""Haricots noirs"",""role"":""protein_plant"",""grams"":95,""lookup_terms"":[""haricot noir cuit""]},{""name"":""porc"",""role"":""protein"",""grams"":95,""lookup_terms"":[""porc cuit""]},{""name"":""Riz"",""role"":""starch"",""grams"":170,""lookup_terms"":[""riz cuit""]},{""name"":""Chou"",""role"":""vegetable"",""grams"":180,""lookup_terms"":[""chou cuit""]}]",Recette traditionnelle ou adaptation explicitement nommée.,"[""OLDWAYS_LATIN"",""CIQUAL""]",culinary_documented,canonical_accessible,0.9,Plat nommé: composants structurés; les plats spécifiques de niveau 2 restent en revue manuelle par défaut.,True,latin_american|protein:porc|protein_plant:haricots_noirs|starch:riz|vegetable:chou
TEE-MEAL-287,Moqueca de poisson & riz — Brésil,composed_plate,Brazil,latin_american,False,1,"[""lunch"",""dinner""]",[],"[{""name"":""Poisson"",""role"":""protein"",""grams"":160,""lookup_terms"":[""poisson cuit""]},{""name"":""Riz"",""role"":""starch"",""grams"":180,""lookup_terms"":[""riz cuit""]},{""name"":""Tomate"",""role"":""vegetable"",""grams"":95,""lookup_terms"":[""tomate cuite""]},{""name"":""poivron"",""role"":""vegetable"",""grams"":95,""lookup_terms"":[""poivron cuit""]}]",Recette traditionnelle ou adaptation explicitement nommée.,"[""OLDWAYS_LATIN"",""CIQUAL""]",culinary_documented,canonical_accessible,0.9,Plat nommé: composants structurés; les plats spécifiques de niveau 2 restent en revue manuelle par défaut.,True,latin_american|protein:poisson|starch:riz|vegetable:poivron|vegetable:tomate
TEE-MEAL-288,"Ceviche, patate douce, maïs & salade — Pérou",composed_plate,Peru,latin_american,False,1,"[""lunch"",""dinner""]",[],"[{""name"":""Poisson mariné"",""role"":""protein"",""grams"":150,""lookup_terms"":[""poisson cru"",""cabillaud cru""]},{""name"":""Patate douce"",""role"":""starch"",""grams"":180,""lookup_terms"":[""patate douce cuite""]},{""name"":""Maïs"",""role"":""starch"",""grams"":80,""lookup_terms"":[""maïs doux cuit""]},{""name"":""Salade verte"",""role"":""vegetable"",""grams"":120,""lookup_terms"":[""salade verte crue"",""laitue crue""]}]","citron vert, oignon rouge et coriandre","[""OLDWAYS_LATIN"",""CIQUAL""]",culinary_documented,canonical_accessible,0.9,Plat nommé: composants structurés; les plats spécifiques de niveau 2 restent en revue manuelle par défaut.,True,latin_american|protein:poisson_marine|starch:mais|starch:patate_douce|vegetable:salade_verte
TEE-MEAL-289,"Ropa vieja, riz et haricots — Caraïbes",composed_plate,Caribbean,caribbean,False,1,"[""lunch"",""dinner""]",[],"[{""name"":""Bœuf effiloché"",""role"":""protein"",""grams"":140,""lookup_terms"":[""boeuf viande cuite""]},{""name"":""Riz"",""role"":""starch"",""grams"":170,""lookup_terms"":[""riz cuit""]},{""name"":""Haricots noirs"",""role"":""protein_plant"",""grams"":90,""lookup_terms"":[""haricot noir cuit""]},{""name"":""poivrons"",""role"":""vegetable"",""grams"":90,""lookup_terms"":[""poivron cuit""]}]",Recette traditionnelle ou adaptation explicitement nommée.,"[""OLDWAYS_AFRICA"",""CIQUAL""]",culinary_documented,canonical_accessible,0.9,Plat nommé: composants structurés; les plats spécifiques de niveau 2 restent en revue manuelle par défaut.,True,caribbean|protein:b_uf_effiloche|protein_plant:haricots_noirs|starch:riz|vegetable:poivrons
TEE-MEAL-290,"Poulet jerk, riz et haricots — Jamaïque",composed_plate,Jamaica,caribbean,False,1,"[""lunch"",""dinner""]",[],"[{""name"":""Poulet"",""role"":""protein"",""grams"":150,""lookup_terms"":[""poulet viande cuite""]},{""name"":""Riz"",""role"":""starch"",""grams"":180,""lookup_terms"":[""riz cuit""]},{""name"":""Haricots rouges"",""role"":""protein_plant"",""grams"":90,""lookup_terms"":[""haricot rouge cuit""]},{""name"":""chou"",""role"":""vegetable"",""grams"":90,""lookup_terms"":[""chou cuit""]}]",Recette traditionnelle ou adaptation explicitement nommée.,"[""OLDWAYS_AFRICA"",""CIQUAL""]",culinary_documented,canonical_accessible,0.9,Plat nommé: composants structurés; les plats spécifiques de niveau 2 restent en revue manuelle par défaut.,True,caribbean|protein:poulet|protein_plant:haricots_rouges|starch:riz|vegetable:chou
TEE-MEAL-291,Salade niçoise complète — France,composed_plate,France,western_europe,False,0,"[""lunch"",""dinner""]",[],"[{""name"":""Thon"",""role"":""protein"",""grams"":80,""lookup_terms"":[""thon au naturel""]},{""name"":""œuf"",""role"":""protein"",""grams"":80,""lookup_terms"":[""oeuf dur""]},{""name"":""Pommes de terre"",""role"":""starch"",""grams"":170,""lookup_terms"":[""pomme de terre cuite""]},{""name"":""Tomate"",""role"":""vegetable"",""grams"":100,""lookup_terms"":[""tomate crue""]},{""name"":""haricots verts"",""role"":""vegetable"",""grams"":100,""lookup_terms"":[""haricot vert cuit""]}]",Recette traditionnelle ou adaptation explicitement nommée.,"[""PNNS_RECIPES"",""CIQUAL""]",culinary_documented,canonical_mainstream,0.94,Plat nommé: composants structurés; les plats spécifiques de niveau 2 restent en revue manuelle par défaut.,True,western_europe|protein:thon|protein:uf|starch:pommes_de_terre|vegetable:haricots_verts|vegetable:tomate
TEE-MEAL-292,Hachis parmentier & salade — France,composed_plate,France,western_europe,False,0,"[""lunch"",""dinner""]",[],"[{""name"":""Bœuf haché"",""role"":""protein"",""grams"":140,""lookup_terms"":[""boeuf haché cuit""]},{""name"":""Purée de pommes de terre"",""role"":""starch"",""grams"":190,""lookup_terms"":[""purée de pomme de terre"",""pomme de terre cuite""]},{""name"":""Salade verte"",""role"":""vegetable"",""grams"":160,""lookup_terms"":[""salade verte crue"",""laitue crue""]}]",Recette traditionnelle ou adaptation explicitement nommée.,"[""TEE_EXISTING"",""CIQUAL""]",culinary_documented,existing_strict_preferred,0.94,Une version whole-dish strictement chiffrée existe déjà dans le catalogue externe; ce doublon éditorial reste désactivé.,False,western_europe|protein:b_uf_hache|starch:puree_de_pommes_de_terre|vegetable:salade_verte
TEE-MEAL-293,Cassoulet & carottes — France,composed_plate,France,western_europe,False,0,"[""lunch"",""dinner""]",[],"[{""name"":""Haricots blancs"",""role"":""protein_plant"",""grams"":150,""lookup_terms"":[""haricot blanc cuit""]},{""name"":""Porc cuit"",""role"":""protein"",""grams"":80,""lookup_terms"":[""porc cuit""]},{""name"":""Carottes"",""role"":""vegetable"",""grams"":170,""lookup_terms"":[""carotte cuite""]}]",Recette traditionnelle ou adaptation explicitement nommée.,"[""TEE_EXISTING"",""CIQUAL""]",culinary_documented,existing_strict_preferred,0.94,Une version whole-dish strictement chiffrée existe déjà dans le catalogue externe; ce doublon éditorial reste désactivé.,False,western_europe|protein:porc_cuit|protein_plant:haricots_blancs|vegetable:carottes
TEE-MEAL-294,Paella au poulet et fruits de mer — Espagne,composed_plate,Spain,southern_europe,False,0,"[""lunch"",""dinner""]",[],"[{""name"":""Poulet"",""role"":""protein"",""grams"":85,""lookup_terms"":[""poulet viande cuite""]},{""name"":""fruits de mer"",""role"":""protein"",""grams"":85,""lookup_terms"":[""crevette cuite""]},{""name"":""Riz"",""role"":""starch"",""grams"":190,""lookup_terms"":[""riz cuit""]},{""name"":""Poivrons"",""role"":""vegetable"",""grams"":90,""lookup_terms"":[""poivron cuit""]},{""name"":""petits pois"",""role"":""vegetable"",""grams"":90,""lookup_terms"":[""petit pois cuit""]}]",Recette traditionnelle ou adaptation explicitement nommée.,"[""OLDWAYS_WORLD"",""CIQUAL""]",culinary_documented,existing_strict_preferred,0.94,Une version whole-dish strictement chiffrée existe déjà dans le catalogue externe; ce doublon éditorial reste désactivé.,False,southern_europe|protein:fruits_de_mer|protein:poulet|starch:riz|vegetable:petits_pois|vegetable:poivrons
TEE-MEAL-295,Tortilla espagnole & salade tomate — Espagne,composed_plate,Spain,southern_europe,False,0,"[""lunch"",""dinner""]",[],"[{""name"":""Œufs"",""role"":""protein"",""grams"":130,""lookup_terms"":[""oeuf cuit""]},{""name"":""Pommes de terre"",""role"":""starch"",""grams"":190,""lookup_terms"":[""pomme de terre cuite""]},{""name"":""Tomates"",""role"":""vegetable"",""grams"":180,""lookup_terms"":[""tomate crue""]}]",Recette traditionnelle ou adaptation explicitement nommée.,"[""OLDWAYS_WORLD"",""CIQUAL""]",culinary_documented,canonical_mainstream,0.94,Plat nommé: composants structurés; les plats spécifiques de niveau 2 restent en revue manuelle par défaut.,True,southern_europe|protein:ufs|starch:pommes_de_terre|vegetable:tomates
TEE-MEAL-296,Pasta e fagioli — Italie,composed_plate,Italy,southern_europe,False,1,"[""lunch"",""dinner""]","[""vegetarian""]","[{""name"":""Haricots blancs"",""role"":""protein_plant"",""grams"":170,""lookup_terms"":[""haricot blanc cuit""]},{""name"":""Pâtes"",""role"":""starch"",""grams"":160,""lookup_terms"":[""pâtes alimentaires cuites""]},{""name"":""Tomate"",""role"":""vegetable"",""grams"":90,""lookup_terms"":[""tomate cuite""]},{""name"":""carotte"",""role"":""vegetable"",""grams"":90,""lookup_terms"":[""carotte cuite""]}]",Recette traditionnelle ou adaptation explicitement nommée.,"[""OLDWAYS_WORLD"",""CIQUAL""]",culinary_documented,canonical_accessible,0.9,Plat nommé: composants structurés; les plats spécifiques de niveau 2 restent en revue manuelle par défaut.,True,southern_europe|protein_plant:haricots_blancs|starch:pates|vegetable:carotte|vegetable:tomate
TEE-MEAL-297,Risotto aux champignons et petits pois — Italie,composed_plate,Italy,southern_europe,False,0,"[""lunch"",""dinner""]","[""vegetarian""]","[{""name"":""Petits pois"",""role"":""protein_plant"",""grams"":150,""lookup_terms"":[""petit pois cuit""]},{""name"":""Riz"",""role"":""starch"",""grams"":190,""lookup_terms"":[""riz cuit""]},{""name"":""Champignons"",""role"":""vegetable"",""grams"":190,""lookup_terms"":[""champignon cuit""]}]",Recette traditionnelle ou adaptation explicitement nommée.,"[""OLDWAYS_WORLD"",""CIQUAL""]",culinary_documented,canonical_mainstream,0.94,Plat nommé: composants structurés; les plats spécifiques de niveau 2 restent en revue manuelle par défaut.,True,southern_europe|protein_plant:petits_pois|starch:riz|vegetable:champignons
TEE-MEAL-298,Moussaka au bœuf & salade — Grèce,composed_plate,Greece,southern_europe,False,0,"[""lunch"",""dinner""]",[],"[{""name"":""Bœuf haché"",""role"":""protein"",""grams"":140,""lookup_terms"":[""boeuf haché cuit"",""boeuf viande cuite""]},{""name"":""Pommes de terre"",""role"":""starch"",""grams"":160,""lookup_terms"":[""pomme de terre cuite""]},{""name"":""Aubergines"",""role"":""vegetable"",""grams"":200,""lookup_terms"":[""aubergine cuite""]}]",Recette traditionnelle ou adaptation explicitement nommée.,"[""OLDWAYS_WORLD"",""CIQUAL""]",culinary_documented,existing_strict_preferred,0.94,Une version whole-dish strictement chiffrée existe déjà dans le catalogue externe; ce doublon éditorial reste désactivé.,False,southern_europe|protein:b_uf_hache|starch:pommes_de_terre|vegetable:aubergines
TEE-MEAL-299,"Saumon, pommes de terre et petits pois — Europe du Nord",composed_plate,Northern Europe,nordic,False,0,"[""lunch"",""dinner""]",[],"[{""name"":""Saumon"",""role"":""protein"",""grams"":150,""lookup_terms"":[""saumon cuit""]},{""name"":""Pommes de terre"",""role"":""starch"",""grams"":190,""lookup_terms"":[""pomme de terre cuite""]},{""name"":""Petits pois"",""role"":""vegetable"",""grams"":180,""lookup_terms"":[""petit pois cuit""]}]",Recette traditionnelle ou adaptation explicitement nommée.,"[""PNNS_PLATE"",""CIQUAL""]",culinary_documented,canonical_mainstream,0.94,Plat nommé: composants structurés; les plats spécifiques de niveau 2 restent en revue manuelle par défaut.,True,nordic|protein:saumon|starch:pommes_de_terre|vegetable:petits_pois
TEE-MEAL-300,"Ragoût de bœuf, orge et carottes — Europe du Nord",composed_plate,Northern Europe,nordic,False,1,"[""lunch"",""dinner""]",[],"[{""name"":""Bœuf"",""role"":""protein"",""grams"":140,""lookup_terms"":[""boeuf viande cuite""]},{""name"":""Orge"",""role"":""starch"",""grams"":170,""lookup_terms"":[""orge perlé cuit"",""orge cuit""]},{""name"":""Carottes"",""role"":""vegetable"",""grams"":190,""lookup_terms"":[""carotte cuite""]}]",Recette traditionnelle ou adaptation explicitement nommée.,"[""PNNS_PLATE"",""CIQUAL""]",culinary_documented,canonical_accessible,0.9,Plat nommé: composants structurés; les plats spécifiques de niveau 2 restent en revue manuelle par défaut.,True,nordic|protein:b_uf|starch:orge|vegetable:carottes
